author,body,created_utc,permalink,subreddit
Soylent_but_deadly,"favorite hole-in-the-wall Minca Ramen East Village. , believe , peanut based broth Miso ' good. ' far quaint Ippudo Momofuku.",1508266135.0,/r/AskNYC/comments/76ziu5/best_place_to_get_ramen_in_ny/doi2s1n/,AskNYC
lasagnaman,"ramenya westvillage favorite , hide-chan close second .",1508268061.0,/r/AskNYC/comments/76ziu5/best_place_to_get_ramen_in_ny/doi4qvs/,AskNYC
drjimmybrungus,"favorite Tamashii Ramen Astoria ( also location LIC Forest Hills ) , kara miso ramen bowl fantastic. may enjoy perusing list Eater NY : https://ny.eater.com/maps/nyc-ramen-best",1508266361.0,/r/AskNYC/comments/76ziu5/best_place_to_get_ramen_in_ny/doi3077/,AskNYC
Plato222,Jin Ramen UWS great. Best chicken based ramen city Totto Ramen 52nd 9th,1508261594.0,/r/AskNYC/comments/76ziu5/best_place_to_get_ramen_in_ny/dohybyj/,AskNYC
jalapenocreamcheese,Ramen Misoya 2nd Ave closest thing ' real Japanese ramen city .,1508270816.0,/r/AskNYC/comments/76ziu5/best_place_to_get_ramen_in_ny/doi7kl6/,AskNYC
lumpy_potato,"Naruto Ramen. small , cash ( IIRC ) , great portions , great broth , great noodles , great bowls. Go lunch nice specials.",1508275061.0,/r/AskNYC/comments/76ziu5/best_place_to_get_ramen_in_ny/doibv0a/,AskNYC
didntbreakthepipe,"Ippudo incredibly overrated opinion. would recommend : ichiran , Chuko , Minca , MomoFuku probably order. four places extremely different fantastic.",1508267080.0,/r/AskNYC/comments/76ziu5/best_place_to_get_ramen_in_ny/doi3q8x/,AskNYC
deeday12,Totto Ramen 51st 10th Naruto Ramen good,1508275573.0,/r/AskNYC/comments/76ziu5/best_place_to_get_ramen_in_ny/doiccdw/,AskNYC
patopeking,Totto Ramen,1508278269.0,/r/AskNYC/comments/76ziu5/best_place_to_get_ramen_in_ny/doiesem/,AskNYC
benalene,"Zundo Ya right around corner Ippudo , much better opinion. Plus , rarely wait. also like Terakawa ( Columbus Circle ) Kambi House ( people Minca , believe , easier get ! ) .",1508280839.0,/r/AskNYC/comments/76ziu5/best_place_to_get_ramen_in_ny/doih0ur/,AskNYC
Notthatiblameyou,"Mu Ramen not ? Fucks sake. Mu Ramen LIC. Get tonkotsu. open 5 , show 4 : 45 get line",1508279492.0,/r/AskNYC/comments/76ziu5/best_place_to_get_ramen_in_ny/doifvdn/,AskNYC
Cantioy87,used enjoy Terakawa Gramercy. ' still one Columbus Circle. Naruto Ramen tasty ( 89th 3rd ) .,1508272209.0,/r/AskNYC/comments/76ziu5/best_place_to_get_ramen_in_ny/doi90gh/,AskNYC
DC25NYC,"Chuko , Ippudo , Hide-Chan , Momofuku Noodle Ganso faves ( order ) ' heard great things Ichiran Mu Ramen , yet go.",1508256469.0,/r/AskNYC/comments/76ziu5/best_place_to_get_ramen_in_ny/dohtby5/,AskNYC
TheVooge,Hino Maru Astoria awesome .,1508265810.0,/r/AskNYC/comments/76ziu5/best_place_to_get_ramen_in_ny/doi2gha/,AskNYC
TheGayAficionado,"Generally two best tonkotsu Ippudo Ichiran ( IMO ) . ' pretty expensive ( ~$ 16 - $ 20 ) ' beat terms taste. Ippudo much hip , loud-music vibe. Ichiran , hand amazing experience taste concentration booths ( walls booths broken ' going someone else ) .",1508265942.0,/r/AskNYC/comments/76ziu5/best_place_to_get_ramen_in_ny/doi2l2t/,AskNYC
yawer93,Jeju west village great ramyun ( Korean version ),1508267738.0,/r/AskNYC/comments/76ziu5/best_place_to_get_ramen_in_ny/doi4erz/,AskNYC
,[ Rokc ] ( http://rokcnyc.com/ ) uptown control good went last winter .,1508272266.0,/r/AskNYC/comments/76ziu5/best_place_to_get_ramen_in_ny/doi92ks/,AskNYC
evrtgurnot,Samurai Papa East Williamsburg held solid spot heart awhile.,1508269368.0,/r/AskNYC/comments/76ziu5/best_place_to_get_ramen_in_ny/doi639j/,AskNYC
metaphorm,[ Jun-Men Chelsea ] ( http://www.junmenramen.com/ ) good especially good appetizers. Try sweet potato fries ! serve incredible maple butter dipping sauce.,1508264047.0,/r/AskNYC/comments/76ziu5/best_place_to_get_ramen_in_ny/doi0q2i/,AskNYC
Empath1999,fav ippudo union square .,1508271943.0,/r/AskNYC/comments/76ziu5/best_place_to_get_ramen_in_ny/doi8qc5/,AskNYC
MaxIsAlwaysRight,"Okinii Thompson street one favorites , shoutouts Wagamama , Ippudo , Tamashii.",1508272341.0,/r/AskNYC/comments/76ziu5/best_place_to_get_ramen_in_ny/doi95cu/,AskNYC
Mumbojmbo,"think everyone covered good spots , ' give vote Chuko Momofuku Noodle. Momofuku used top choice , ' gotten hooked Chuko ( ' much laid back experience , IMO - not Momofuku experience bad , anything feels *special* sometimes special little exhausting haha ) .",1508279700.0,/r/AskNYC/comments/76ziu5/best_place_to_get_ramen_in_ny/doig1ts/,AskNYC
gocougs11,"Naruto Ramen. 89th &amp; 3rd. Pretty small , gets crowded quick , amazing .",1508284021.0,/r/AskNYC/comments/76ziu5/best_place_to_get_ramen_in_ny/doijprd/,AskNYC
milkeytoast,Mu lic,1508286032.0,/r/AskNYC/comments/76ziu5/best_place_to_get_ramen_in_ny/doilhul/,AskNYC
MonkeyPlug,"Okidoki Astoria. Solid ramen , best onigiri pretty great spicy pork buns.",1508287464.0,/r/AskNYC/comments/76ziu5/best_place_to_get_ramen_in_ny/doimvl9/,AskNYC
briangerardo,ICHIRAN seriously not mentioned yet ! ? place authentic delicious water delicious !,1508288732.0,/r/AskNYC/comments/76ziu5/best_place_to_get_ramen_in_ny/doio1om/,AskNYC
soymilk17,Ippudo already mentioned think ’ quite good long ’ not crazy wait. Ramen Lab also pretty good .,1508297460.0,/r/AskNYC/comments/76ziu5/best_place_to_get_ramen_in_ny/doivks2/,AskNYC
Jigglypuffing,moved NYC years back -- Benkei still around ? top place there.,1508286086.0,/r/AskNYC/comments/76ziu5/best_place_to_get_ramen_in_ny/doiljtu/,AskNYC
,"go Soba Totto ( Midtown ) , real Japanese taste. Also , try Momosan ( Midtown ) Masaharu Morimoto , ' good ramen spot .",1508289893.0,/r/AskNYC/comments/76ziu5/best_place_to_get_ramen_in_ny/doip35e/,AskNYC
ggrindelwald,Current Favorites : * E.A.K. Ramen - Iekei style ramen - Recommend EAK Zebra * Ramen Lab - Ramen pop shop run Sun Noodle Standouts : * Totto Ramen - Chicken Paitan - Recommend Spicy Miso * Ichiran - Tonkotsu - Fully customizable * Mokbar - rich flavorful ( Korean Ramyun ) Good not great ( no particular order ) : * Ippudo * Momofuku * Momosan * Ramen-ya * Takashi - midnight Fridays Saturdays * Jun-men * Mew Men * Jeju Noodle Bar - New popular ( Korean Ramyun ) Not fan : * Ivan Ramen * Wagamama,1508296569.0,/r/AskNYC/comments/76ziu5/best_place_to_get_ramen_in_ny/doiuvt3/,AskNYC
Eowyn27,"odd story went Ippudo years ago disappointed. long wait felt Ramen ' special. really liked sake drinks though apps. recently went Ippudo group BEST Ramen ever ! Maybe depends order Ramen burnt garlic much explosive flavor , amazing. Funnily enough , tried Ivan ' Ramen weeks later , would say , avoid costs. Ivan ' terribly overrated. Go Ippudo Totto Ramen good ! ' Queens , definitely check Tamashii Ramen Astoria well.",1508298185.0,/r/AskNYC/comments/76ziu5/best_place_to_get_ramen_in_ny/doiw4md/,AskNYC
SirLudicrus,Nishida shoten low-key round favorite .,1508299044.0,/r/AskNYC/comments/76ziu5/best_place_to_get_ramen_in_ny/doiwrde/,AskNYC
thansal,"Damn , no one ' said Nakamura Ramen yet. ' right next Williamsburg Bridge Delancy. Tiny little place , expensive places( $ 20 pp w/ drinks appetizers ) , really worth it. Tontoro ( pork based ) damn good , truffle miso ( vegan ) damn good , Mazeman damn good , Curry Spice good , ' tried chicken based one yes. appetizers ok , ' stand like ramen .",1508343817.0,/r/AskNYC/comments/76ziu5/best_place_to_get_ramen_in_ny/dojmey9/,AskNYC
ozmotion,Instructions Ippudo : Go ' hungry. Leave name phone. Go bar hopping 90 minutes East Village. Return reservation enjoy ramen.,1509739397.0,/r/AskNYC/comments/76ziu5/best_place_to_get_ramen_in_ny/dpazqoe/,AskNYC
eurtoast,"Ramen setagaya 34 1/2 St Mark ' s. Tasty , cheap , quick .",1508264854.0,/r/AskNYC/comments/76ziu5/best_place_to_get_ramen_in_ny/doi1iti/,AskNYC
affiki16,Thanks !,1508271897.0,/r/AskNYC/comments/76ziu5/best_place_to_get_ramen_in_ny/doi8oo7/,AskNYC
ThrivingLight,suggestions ramen places uses vegitarian broth ?,1508282578.0,/r/AskNYC/comments/76ziu5/best_place_to_get_ramen_in_ny/doiihcr/,AskNYC
braveliltoasterr,love [ Zen 6 ' ] ( https://www.yelp.com/biz/zen-6-new-york ) miso ramen .,1508291346.0,/r/AskNYC/comments/76ziu5/best_place_to_get_ramen_in_ny/doiqeu1/,AskNYC
mathy0u,"Zundo-Ya - Right around corner Ippudo , think ' better ' wait anywhere near long. also choose fatty tonkotsu broth is. personal favorite. Mu Ramen - LIC , probably wait totally worth it. Momofuku Noodle - Always solid choice , not best city though. Naruto - ' close UES , really good neighborhood spot .",1508351299.0,/r/AskNYC/comments/76ziu5/best_place_to_get_ramen_in_ny/dojtw38/,AskNYC
Kxmee,Ippudo ! ! Jin Ramen good alternative .,1508262680.0,/r/AskNYC/comments/76ziu5/best_place_to_get_ramen_in_ny/dohze82/,AskNYC
astray71,Ippudo favorite East Village .,1508287882.0,/r/AskNYC/comments/76ziu5/best_place_to_get_ramen_in_ny/doin9t8/,AskNYC
w3gv,Momosan Ippudo,1508289716.0,/r/AskNYC/comments/76ziu5/best_place_to_get_ramen_in_ny/doioxio/,AskNYC
ilDres,"Good ramen small , gets packed easily.",1508274431.0,/r/AskNYC/comments/76ziu5/best_place_to_get_ramen_in_ny/doib9m1/,AskNYC
NYKyle610,"Ippudo super popular , still think ' best ramen city. , favorites Totto &amp; Ivan .",1508338335.0,/r/AskNYC/comments/76ziu5/best_place_to_get_ramen_in_ny/dojh6dt/,AskNYC
nyalriv580,"Yes ! work West Village randomly stumbled upon Ramenya one day. Loved kind forgot months went back day. Not crowded , small place , fast service , awesome ramen ! Favorite lunch spot right .",1508284221.0,/r/AskNYC/comments/76ziu5/best_place_to_get_ramen_in_ny/doijvs0/,AskNYC
Host_Mask,Came recommend place well. particularly enjoy Tantanmen bowl .,1508272164.0,/r/AskNYC/comments/76ziu5/best_place_to_get_ramen_in_ny/doi8yrv/,AskNYC
jgan96,"Ramen Misoya fantastic small. ' get table go Rai Rai Ken blocks away , fantastic cha-su .",1508287074.0,/r/AskNYC/comments/76ziu5/best_place_to_get_ramen_in_ny/doimiht/,AskNYC
stoplooklisten_again,"Naruto preferred spot well. ' add location UES , smaller , seems taste way better BK location.",1508332754.0,/r/AskNYC/comments/76ziu5/best_place_to_get_ramen_in_ny/dojcj4k/,AskNYC
nyalriv580,"> Naruto Ramen someone binge watched 300 episodes Naruto , existing makes extremely happy .",1508284333.0,/r/AskNYC/comments/76ziu5/best_place_to_get_ramen_in_ny/doijz6l/,AskNYC
,"' got second opinion Ippudo overrated. years ago went two hour wait get ramen. Later decided go opened dinner still ten minute wait. think ' pretty ridiculous. Needless say , ramen not impressed. ' good , ' not 2-hour wait great .",1508268139.0,/r/AskNYC/comments/76ziu5/best_place_to_get_ramen_in_ny/doi4trk/,AskNYC
haaiou,"Ichiran even overrated opinion. doesnt taste good , wait could long , location sucks.",1508301456.0,/r/AskNYC/comments/76ziu5/best_place_to_get_ramen_in_ny/doiyd8r/,AskNYC
apreche,"agree Ippudo overrated not worth wait. However , ' still pretty damn good , totally worth ' wait. appetizer buns also quite tasty. like go beat rush. Get seated immediately go straight work .",1508296119.0,/r/AskNYC/comments/76ziu5/best_place_to_get_ramen_in_ny/doiui81/,AskNYC
haaiou,"really interested giving Minca another try ' like last time went , 4-5 years ago. know Terakawa run people , lost interest .",1508333346.0,/r/AskNYC/comments/76ziu5/best_place_to_get_ramen_in_ny/dojcz6d/,AskNYC
Nav_Panel,new Terakawa location Columbus Circle ' IMO. Tan Tan ' good back Gramercy .,1508274505.0,/r/AskNYC/comments/76ziu5/best_place_to_get_ramen_in_ny/doibc32/,AskNYC
metaphorm,"good list. Chuko Ganso favorites ones ' listed. found Mu Ramen fine , not standout. ' go way it.",1508263976.0,/r/AskNYC/comments/76ziu5/best_place_to_get_ramen_in_ny/doi0nkc/,AskNYC
extrovertangel,Second Hide-chan,1508278093.0,/r/AskNYC/comments/76ziu5/best_place_to_get_ramen_in_ny/doiemph/,AskNYC
thansal,"Mu really good. ' one thought worth extra price point. Though others said , Oxtail ridiculously good , ' , maybe others ' great .",1508342910.0,/r/AskNYC/comments/76ziu5/best_place_to_get_ramen_in_ny/dojlike/,AskNYC
haaiou,"super overrated , long wait &amp; overpriced , not worth it. Compare Japan , ramen taste bland ( small dishes good tho ) . much better ramen place NYC",1508333520.0,/r/AskNYC/comments/76ziu5/best_place_to_get_ramen_in_ny/dojd3x7/,AskNYC
ShatteringFast,"go eat vegan ramen find , place still favorite .",1508291336.0,/r/AskNYC/comments/76ziu5/best_place_to_get_ramen_in_ny/doiqehi/,AskNYC
kurrmurrpurr,SAMURAI PAPA ! ! ' say enough vegan ramen ( egg noodles though ) . enjoy broth much meat-based ramen .,1508293968.0,/r/AskNYC/comments/76ziu5/best_place_to_get_ramen_in_ny/doisol1/,AskNYC
haaiou,love noodles one time gave massive food poisoning two hours ate there. stopped going.,1508301610.0,/r/AskNYC/comments/76ziu5/best_place_to_get_ramen_in_ny/doiygpb/,AskNYC
haaiou,"give place 3 10. food , long wait , terrible location.",1508301682.0,/r/AskNYC/comments/76ziu5/best_place_to_get_ramen_in_ny/doiyia1/,AskNYC
haaiou,second ramen lab. twice pleasantly surprised times,1508301721.0,/r/AskNYC/comments/76ziu5/best_place_to_get_ramen_in_ny/doiyj7u/,AskNYC
petrotympanicfissure,second momosan,1508330766.0,/r/AskNYC/comments/76ziu5/best_place_to_get_ramen_in_ny/dojb5m0/,AskNYC
haaiou,"Great list. ’ get ichiran fully customizable good thing. chef know bowl noodle tastes best , messing portion/cooking procedure.",1508301859.0,/r/AskNYC/comments/76ziu5/best_place_to_get_ramen_in_ny/doiymet/,AskNYC
Citadelthrowaway2,"Ivan ramen chicken noodle soup , somewhat interesting noodles .",1508375591.0,/r/AskNYC/comments/76ziu5/best_place_to_get_ramen_in_ny/dokg7pu/,AskNYC
DC25NYC,' w-burg location. ' really good.,1508266179.0,/r/AskNYC/comments/76ziu5/best_place_to_get_ramen_in_ny/doi2tn7/,AskNYC
EeMmBb,Chuko ' amazing miso vegetarian broth. Even friends eat meat prefer .,1508283888.0,/r/AskNYC/comments/76ziu5/best_place_to_get_ramen_in_ny/doijlre/,AskNYC
ShatteringFast,Samurai Papa god-tier vegan ramen .,1508291365.0,/r/AskNYC/comments/76ziu5/best_place_to_get_ramen_in_ny/doiqff9/,AskNYC
Lemonyhampeapasta,Hinomaru,1508333793.0,/r/AskNYC/comments/76ziu5/best_place_to_get_ramen_in_ny/dojdbdo/,AskNYC
thansal,"Nakamura , ' pretty great .",1508449056.0,/r/AskNYC/comments/76ziu5/best_place_to_get_ramen_in_ny/dolw35p/,AskNYC
Sea_Unicorn,"' also sister store , kambi ramen 1st 14th",1508278296.0,/r/AskNYC/comments/76ziu5/best_place_to_get_ramen_in_ny/doietaq/,AskNYC
koleye,Seconded .,1508347148.0,/r/AskNYC/comments/76ziu5/best_place_to_get_ramen_in_ny/dojpp89/,AskNYC
thansal,"Basically ' decent Tonkotsu , ' not worth wait , couple extra $ compared Hide Chan ( serious Tonkotsu ramen know ) , honestly think better. Also : Pork buns ' anywhere scale Momofuku , cost .",1508342714.0,/r/AskNYC/comments/76ziu5/best_place_to_get_ramen_in_ny/dojlbpx/,AskNYC
didntbreakthepipe,"own. really enjoyed ramen , even though 1 kind. ’ heard long waits times ’ went 20 mins waiting room. main con ichiran price think ’ not best value wise. man really gotta give bushwick chance - ’ actually really awesome ! !",1508329267.0,/r/AskNYC/comments/76ziu5/best_place_to_get_ramen_in_ny/doja8ll/,AskNYC
didntbreakthepipe,went 3 years ago ’ impressed. tbh ’ even remember got. think ’ need give another shot maybe lunch like mentioned right work,1508329341.0,/r/AskNYC/comments/76ziu5/best_place_to_get_ramen_in_ny/dojaa5e/,AskNYC
drjimmybrungus,"saying Kambi Ramen House people Minca , not Terakawa. Terakawa affiliated Naruto Ramen though .",1508351110.0,/r/AskNYC/comments/76ziu5/best_place_to_get_ramen_in_ny/dojtp57/,AskNYC
benalene,"drjimmybrungus said , meant Kambi run people Minca , not Terakawa. Sorry ' clear !",1508363403.0,/r/AskNYC/comments/76ziu5/best_place_to_get_ramen_in_ny/dok5y9l/,AskNYC
Cantioy87,Damn. favorite. worked across street years enjoyed getting Tan Tan Fridays special lunch day .,1508278252.0,/r/AskNYC/comments/76ziu5/best_place_to_get_ramen_in_ny/doiervy/,AskNYC
tentativetitle,"Chuko favorite spot NYC , ' going try others mentioned .",1508266651.0,/r/AskNYC/comments/76ziu5/best_place_to_get_ramen_in_ny/doi3aif/,AskNYC
ahwitz,"IMO - Mu Ramen worth going try house bone marrow/oxtail/corned beef/pickle/cabbage one once. shoyu/tonkotsu fine definitely not worth price ; broth house ramen unbelievable , though .",1508286361.0,/r/AskNYC/comments/76ziu5/best_place_to_get_ramen_in_ny/doiltt2/,AskNYC
evrtgurnot,Yep always get vegan ramen egg noogles. ' seriously delightful thing everything justttt right. people bring always speak highly meat ramen. check vegan ramen Za-Ya ramen Gowanus Kogane Brooklyn Heights well — really good broth noodles.,1508334211.0,/r/AskNYC/comments/76ziu5/best_place_to_get_ramen_in_ny/dojdn7u/,AskNYC
patopeking,Ugh ... former Tokyo resident sounds bizarre ha .,1508342759.0,/r/AskNYC/comments/76ziu5/best_place_to_get_ramen_in_ny/dojldct/,AskNYC
briangerardo,' mind. Noodles 11/10,1508302605.0,/r/AskNYC/comments/76ziu5/best_place_to_get_ramen_in_ny/doiz2ll/,AskNYC
ggrindelwald,"see point , also think different people allowed enjoy ramen differently. , example , tend favor richer broths eat quickly friends. able choose noodles little firm might appealing allows noodles continue cooking eat .",1508415438.0,/r/AskNYC/comments/76ziu5/best_place_to_get_ramen_in_ny/dol1fzx/,AskNYC
evrtgurnot,""" god-tier , "" yes .",1508334398.0,/r/AskNYC/comments/76ziu5/best_place_to_get_ramen_in_ny/dojdsnj/,AskNYC
benalene,"not know Terakawa affiliated Naruto Ramen. interesting , not care Naruto , love Terakawa .",1508363317.0,/r/AskNYC/comments/76ziu5/best_place_to_get_ramen_in_ny/dok5vej/,AskNYC
haaiou,"Thanks clarification. say affiliated , mean menu ? chef ?",1508371533.0,/r/AskNYC/comments/76ziu5/best_place_to_get_ramen_in_ny/dokcu9k/,AskNYC
kurrmurrpurr,' check Kogane ... always looking reason get bk heights,1508335043.0,/r/AskNYC/comments/76ziu5/best_place_to_get_ramen_in_ny/dojebjh/,AskNYC
kurrmurrpurr,' decently sized market people ' want senselessly kill animals harm environment broth. Imagine !,1508347358.0,/r/AskNYC/comments/76ziu5/best_place_to_get_ramen_in_ny/dojpxlt/,AskNYC
haaiou,"better. First , ’ get fully customizable good thing. chef know bowl noodle tastes best , messing portion/cooking procedure. Second , tastes much worse compare one Japan.",1508304080.0,/r/AskNYC/comments/76ziu5/best_place_to_get_ramen_in_ny/doizwk7/,AskNYC
drjimmybrungus,' owned people ' never Terakawa not sure recipes use places. http://terakawaramenny.com/about/our-brands/,1508371802.0,/r/AskNYC/comments/76ziu5/best_place_to_get_ramen_in_ny/dokd2ha/,AskNYC
Ngo_Knows,' major ones. favorite Totto Ramen.,1538749947.0,/r/AskNYC/comments/9lmkh6/great_ramen_suggestions_please_d/e77sthr/,AskNYC
RayZR,"list personal order preference : * Nakamura * Misoya * Karakatta * Totto Ramen * Ramen Setagaya * Hide-Chan * Minca ( great tsukemen ) * Zundo-Ya ( used love tonkatsu - quality dipped ' couple years *maybe* ' picked back ... ) * Ramen Lab ( *special mention* - not actually last preference , hard put rank since swap ramen chefs monthly basis )",1538752614.0,/r/AskNYC/comments/9lmkh6/great_ramen_suggestions_please_d/e77w0xi/,AskNYC
momomoomi,Chuko Brooklyn great.,1538752441.0,/r/AskNYC/comments/9lmkh6/great_ramen_suggestions_please_d/e77vtdm/,AskNYC
thetonyhightower,Tamashii Astoria aces .,1538751591.0,/r/AskNYC/comments/9lmkh6/great_ramen_suggestions_please_d/e77usxj/,AskNYC
theo313,wife really enjoy Mr. Taka .,1538756216.0,/r/AskNYC/comments/9lmkh6/great_ramen_suggestions_please_d/e780f30/,AskNYC
Arleare13,good lists : https://www.thrillist.com/eat/new-york/best-ramen-in-nyc# https://www.timeout.com/newyork/restaurants/best-ramen-in-nyc http://www.grubstreet.com/bestofnewyork/best-ramen-nyc.html http://gothamist.com/2016/02/18/best_ramen_nyc.php,1538748971.0,/r/AskNYC/comments/9lmkh6/great_ramen_suggestions_please_d/e77rok9/,AskNYC
114631,"**Ippudo** - wait times get insane , atmosphere everything little pretentious , ramen incredible. huge plus though plenty bars around want grab drink waiting. **Mu Ramen** **Izakaya** Upper West Side. simple , closest thing ' found Ippudo ' extremely rich broth .",1538749538.0,/r/AskNYC/comments/9lmkh6/great_ramen_suggestions_please_d/e77sc1h/,AskNYC
,"Ramen Shack , Ramen Lab , Tonchin , Yokoya , Menko , Menkoi Sato , Shuya Cafe de Ramen",1538748951.0,/r/AskNYC/comments/9lmkh6/great_ramen_suggestions_please_d/e77rnqc/,AskNYC
esagalyn,"Ippudo hands down. used live near Ippudo Totto Totto pales comparison. Also , Ippudo lets wait another bar calls table ready ; Totto makes wait outside. places insane wait times , makes huge difference ’ bitterly cold outside ( best weather ramen ! ) .",1538777281.0,/r/AskNYC/comments/9lmkh6/great_ramen_suggestions_please_d/e78pnji/,AskNYC
panic_bread,Ramen Ya,1538759216.0,/r/AskNYC/comments/9lmkh6/great_ramen_suggestions_please_d/e7842ez/,AskNYC
ogie666,Bassanova Chinatown pretty solid.,1538764739.0,/r/AskNYC/comments/9lmkh6/great_ramen_suggestions_please_d/e78atsf/,AskNYC
knoxelf,ROKC ’ Hamilton Heights area,1538774733.0,/r/AskNYC/comments/9lmkh6/great_ramen_suggestions_please_d/e78mx67/,AskNYC
goldenfeder,Totto Ramen best ! Seriously favorite,1538750829.0,/r/AskNYC/comments/9lmkh6/great_ramen_suggestions_please_d/e77tvhr/,AskNYC
xbakery,"Nakamura , Ramen Lab , Ramen Shack , Ivan Ramen",1538755375.0,/r/AskNYC/comments/9lmkh6/great_ramen_suggestions_please_d/e77zebj/,AskNYC
elkresurgence,Momosan Ramen Midtown East revelation.,1538757712.0,/r/AskNYC/comments/9lmkh6/great_ramen_suggestions_please_d/e7828ze/,AskNYC
unicorn_pants,mu ramen long island city. tonkotsu closest ’ japan.,1538758634.0,/r/AskNYC/comments/9lmkh6/great_ramen_suggestions_please_d/e783d2w/,AskNYC
jango_broughty,Mu LIC great,1538765311.0,/r/AskNYC/comments/9lmkh6/great_ramen_suggestions_please_d/e78bibb/,AskNYC
slamjam00,"Not sure no one mentioned ROKC. Incredible pork buns , great ramen , voted best cocktails country Esquire recently ( Google rokc cocktails look pics ) ' not pricey others. ' almost every place mentioned none come close. downside ' upper west side , ' not easy get to. ' also small place , get early grab table.",1538783646.0,/r/AskNYC/comments/9lmkh6/great_ramen_suggestions_please_d/e78vxlm/,AskNYC
Woodybroadway,"Mu best opinion , better anywhere went Japan. Ippudo first love , probably better bday busy , go one downtown Okanomi ramen tasting menu wanna real money reserve advance , good ambiance. Momofuku probably trendiest lot ramen ( popularized ) def fun bday. Oh Iven good bday vibes good trendy meal .",1538783956.0,/r/AskNYC/comments/9lmkh6/great_ramen_suggestions_please_d/e78w8ui/,AskNYC
relativisticrhino,"’ trying ramen shops around NYC Ramen Ya NYU definitely best ! Rich tasting broth , sturdy noodles ( none soggy instant shit restaurants use ) , reasonable price less. store owners cooks actually Japanese feel explains authenticity. accept cash tho",1538751648.0,/r/AskNYC/comments/9lmkh6/great_ramen_suggestions_please_d/e77uvcs/,AskNYC
mcorinne,Jin Ramen UWS best,1538753414.0,/r/AskNYC/comments/9lmkh6/great_ramen_suggestions_please_d/e77wzvx/,AskNYC
omiaguirre,love Ivan Ramen https://www.ivanramen.com/,1538749258.0,/r/AskNYC/comments/9lmkh6/great_ramen_suggestions_please_d/e77s0gc/,AskNYC
WhatAreYouWhereAmI,Nakamura lower east .,1538752238.0,/r/AskNYC/comments/9lmkh6/great_ramen_suggestions_please_d/e77vkmd/,AskNYC
,NAKAMURA . Tontoro shit .,1538753472.0,/r/AskNYC/comments/9lmkh6/great_ramen_suggestions_please_d/e77x2gc/,AskNYC
cerrasaurus,Suzume Brooklyn .,1538754712.0,/r/AskNYC/comments/9lmkh6/great_ramen_suggestions_please_d/e77yl4y/,AskNYC
gyrk12,Tonchin Midtown ! !,1538754754.0,/r/AskNYC/comments/9lmkh6/great_ramen_suggestions_please_d/e77yn28/,AskNYC
bkeiya,"Shuya Cafe De Ramen , Tanpopo Ramen , Ramen Shack , Hide-Chan Ramen , Ippudo go tos !",1538754833.0,/r/AskNYC/comments/9lmkh6/great_ramen_suggestions_please_d/e77yqn2/,AskNYC
pandaminatrix,"' ramen city literally ( know , know ) , Tampopo near Washington Heights , wonderful. visiting friends tried Ippudo Tampopo stay , actually preferred Tampopo.",1538762875.0,/r/AskNYC/comments/9lmkh6/great_ramen_suggestions_please_d/e788l1d/,AskNYC
dounis42,"Santouka , Mitsuwa food court Edgewater - not great spot date ( food court ) , give try sometime ! spot ' appropriate date , would definitely throw another vote Totto Ramen .",1538764204.0,/r/AskNYC/comments/9lmkh6/great_ramen_suggestions_please_d/e78a6yl/,AskNYC
kodachromeexplorer,absolutely love ROKC - ’ oyster bar ramen spot great cocktails too. Broadway btw 140 &amp; 141,1538793963.0,/r/AskNYC/comments/9lmkh6/great_ramen_suggestions_please_d/e795c4f/,AskNYC
apreche,HinoMaru Astoria .,1538750800.0,/r/AskNYC/comments/9lmkh6/great_ramen_suggestions_please_d/e77tu41/,AskNYC
zerowingangel,"Nonono Lunch menu Paitan Ramen. recently opened last month. Reasonable price , great ramen",1538752084.0,/r/AskNYC/comments/9lmkh6/great_ramen_suggestions_please_d/e77ve0i/,AskNYC
Lost_sidhe,"Ichiran get "" like Tokyo "" experience , honestly think E.A.K. Ramen West Village best tasting ramen city ( get zebra black garlic oil ! ! ! ) . finally got , found Ippudo not good enough justify extra wait cost compared really good ramen places. ' second Chuko Bushwick especially chicken ramen ; tonkatsu good , not OMG !",1538752795.0,/r/AskNYC/comments/9lmkh6/great_ramen_suggestions_please_d/e77w8q8/,AskNYC
patientbearr,"places listed great , ' throw Minca East Village since no one mentioned yet",1538754031.0,/r/AskNYC/comments/9lmkh6/great_ramen_suggestions_please_d/e77xqx0/,AskNYC
Yanboslice,Zundo Ya,1538760546.0,/r/AskNYC/comments/9lmkh6/great_ramen_suggestions_please_d/e785q1a/,AskNYC
Kevin_Johnston,"Totto , Mr. Taka , Terakawa",1538762315.0,/r/AskNYC/comments/9lmkh6/great_ramen_suggestions_please_d/e787wj9/,AskNYC
meelar,"Takashi Japanese steakhouse West Village , every Friday Saturday late night beef ramen seating. ' incredibly delicious .",1538764663.0,/r/AskNYC/comments/9lmkh6/great_ramen_suggestions_please_d/e78aqg9/,AskNYC
iampreferd,"spot brooklyn nobody knows about. No wait time , totally hidden , undweer radar still. called Zaya Ramen fantastic. beef bone marrow broth coats ur mouth. really really really good. Worth trip .",1538765142.0,/r/AskNYC/comments/9lmkh6/great_ramen_suggestions_please_d/e78bb3q/,AskNYC
playaspec,"find Brooklyn near Barclay ' Center , Naruto Ramen *fantastic* .",1538768560.0,/r/AskNYC/comments/9lmkh6/great_ramen_suggestions_please_d/e78fkuf/,AskNYC
FrostbiteZero,"Minca East village favorite. bias since live near gotten used love flavor rich soup. regardless soup best noodle town , chewy full bodied .",1538770955.0,/r/AskNYC/comments/9lmkh6/great_ramen_suggestions_please_d/e78ilaf/,AskNYC
FrostbiteZero,"Bassanova Chinatown also interesting. Especially curry ramen , really thick full bodied noodle ( ' thing ) really rich green curry soup. ' beaten path choice still enjoyable. Plus think line not bad use .",1538771831.0,/r/AskNYC/comments/9lmkh6/great_ramen_suggestions_please_d/e78jmj5/,AskNYC
RefreshRestart,Boru Boru Upper West Side aight,1538776348.0,/r/AskNYC/comments/9lmkh6/great_ramen_suggestions_please_d/e78oo8p/,AskNYC
BernieForWi,’ surprised people ’ saying Ippudo. Akamaru modern one best dishes ever eaten tbh,1538780524.0,/r/AskNYC/comments/9lmkh6/great_ramen_suggestions_please_d/e78svus/,AskNYC
clk1224,cannot believe no one mentioned Chuko. ’ BK go regularly live FiDi. Worth it. good.,1538781099.0,/r/AskNYC/comments/9lmkh6/great_ramen_suggestions_please_d/e78tgc0/,AskNYC
FoolOnThePlanet91,"8 years nyc , may favorite still Hide-Chan 52nd btw 2nd 3rd. Ive "" top "" ramen spots , always go back Hide-Chan .",1538781802.0,/r/AskNYC/comments/9lmkh6/great_ramen_suggestions_please_d/e78u5ed/,AskNYC
GGMU1,"top 3 no particular order : Ippudo , Nakamura , Ichiran ! Jun-Men comes close .",1538785071.0,/r/AskNYC/comments/9lmkh6/great_ramen_suggestions_please_d/e78xao4/,AskNYC
Jabsco,' big fan E.A.K. 6th Ave,1538795323.0,/r/AskNYC/comments/9lmkh6/great_ramen_suggestions_please_d/e796izw/,AskNYC
momomoomi,Totto Ramen,1545956672.0,/r/AskNYC/comments/9lmkh6/great_ramen_suggestions_please_d/ecp0qe2/,AskNYC
quarkibus,Hide Chan Ivan Ramen Ippudo Ramen Shack Astoria Mu Ramen Totto Ramen,1538751124.0,/r/AskNYC/comments/9lmkh6/great_ramen_suggestions_please_d/e77u8hv/,AskNYC
greenasaurus,"Toto best , not sit date night experience. Jin Ramen 83rd Amsterdam phenomenal , menu chef Totto , full bar ambience. Jin best sit dining experience. ( ’ also major ones many minor )",1538763441.0,/r/AskNYC/comments/9lmkh6/great_ramen_suggestions_please_d/e7899l8/,AskNYC
brazillion,"Totally agree. vibe Totto west side also outstanding. wait , though. Thankfully , go nearby bar 9th quick beer wait .",1538753715.0,/r/AskNYC/comments/9lmkh6/great_ramen_suggestions_please_d/e77xd7i/,AskNYC
mwyeep,"Another vote Totto best , especially among purely Japanese ones. think Ichiran/Ippudo overrated ( not bad , overrated , lines Ippudo outrageous ) E.A.K. underrated. Jin Ramen also pretty good. Ivan Ramen , Mu Ramen , Jeju Noodle Bar ( ramyun ! = ramen pretty close ) offer something unique awesome .",1538757878.0,/r/AskNYC/comments/9lmkh6/great_ramen_suggestions_please_d/e782g9k/,AskNYC
cipher_9,second .,1538752288.0,/r/AskNYC/comments/9lmkh6/great_ramen_suggestions_please_d/e77vmvd/,AskNYC
sidkulk,"Every place ’ compare Totto , no places lives it. Go ones west side btw ( 51st 52nd ) . reason Totto east side quality ’ good .",1538752583.0,/r/AskNYC/comments/9lmkh6/great_ramen_suggestions_please_d/e77vzlm/,AskNYC
chestercheetaz,east west ? ' great !,1538773431.0,/r/AskNYC/comments/9lmkh6/great_ramen_suggestions_please_d/e78lhkt/,AskNYC
nerdlingzergling,' heard dropped quality since opened location ? confirm/deny,1538774614.0,/r/AskNYC/comments/9lmkh6/great_ramen_suggestions_please_d/e78msid/,AskNYC
soulsnax,YES ! Though Hide Chan also good.,1538780311.0,/r/AskNYC/comments/9lmkh6/great_ramen_suggestions_please_d/e78so9m/,AskNYC
Thehollyandtheivy,Came say ! Bonus points brussel sprouts kale salad. addictive .,1538765460.0,/r/AskNYC/comments/9lmkh6/great_ramen_suggestions_please_d/e78bon9/,AskNYC
drjimmybrungus,"Seconded , kara miso ramen favorite bowl city .",1538763660.0,/r/AskNYC/comments/9lmkh6/great_ramen_suggestions_please_d/e789jbk/,AskNYC
yoitsyaboii,place heavily underrated. best nyc affordable/low key .,1538775265.0,/r/AskNYC/comments/9lmkh6/great_ramen_suggestions_please_d/e78nhnm/,AskNYC
CarQuery8989,Mr. Taka good,1538789136.0,/r/AskNYC/comments/9lmkh6/great_ramen_suggestions_please_d/e7910ei/,AskNYC
Woodybroadway,"Second , good list",1538783580.0,/r/AskNYC/comments/9lmkh6/great_ramen_suggestions_please_d/e78vve2/,AskNYC
LateralusNYC,"Went lunch soon opening , pretty disappointing. really love lucky cat , east fifties",1538763048.0,/r/AskNYC/comments/9lmkh6/great_ramen_suggestions_please_d/e788sko/,AskNYC
chillaschuck,Big fan Momosan ! stuff legit .,1538852473.0,/r/AskNYC/comments/9lmkh6/great_ramen_suggestions_please_d/e7adrzy/,AskNYC
crackersinmybed,second ramen ya,1538764688.0,/r/AskNYC/comments/9lmkh6/great_ramen_suggestions_please_d/e78arii/,AskNYC
holla171,Oh hell yeah,1538772665.0,/r/AskNYC/comments/9lmkh6/great_ramen_suggestions_please_d/e78klo9/,AskNYC
D3Smee,favorite place. Really love spicy red chili ramen. Great mix flavor heat.,1538749798.0,/r/AskNYC/comments/9lmkh6/great_ramen_suggestions_please_d/e77sn31/,AskNYC
GravitationalConstnt,going suggest this. cold sesame noodles hnnnnnnnnnnnnnnnnnnnng,1538755718.0,/r/AskNYC/comments/9lmkh6/great_ramen_suggestions_please_d/e77ztbo/,AskNYC
elkresurgence,"skeptical actually ' like shio ramen ordered , offered make fresh bowl shoyu ramen free charge near heavenly.",1538757674.0,/r/AskNYC/comments/9lmkh6/great_ramen_suggestions_please_d/e7827cs/,AskNYC
FrostbiteZero,"Ivan twice , time soup came lukewarm made experience difficult enjoy. also not find soup particularly memorialble .",1538771304.0,/r/AskNYC/comments/9lmkh6/great_ramen_suggestions_please_d/e78j0a1/,AskNYC
chillaschuck,"love Mitsuwa , ramen kinda mediocre compared NYC stuff even Blackbeard Ramen right around corner there. Also , probably not great place date like mentioned , haha. soft serve black sesame ice cream friggin great though !",1538852650.0,/r/AskNYC/comments/9lmkh6/great_ramen_suggestions_please_d/e7adz9y/,AskNYC
FrostbiteZero,"Ichiran faithful Tokyo ramen experience , except price point. $ 17 bowl expensive Totto thought lot better. good want try ramen booth experience , soup decent not worth price IMHO .",1538771482.0,/r/AskNYC/comments/9lmkh6/great_ramen_suggestions_please_d/e78j7ta/,AskNYC
drjimmybrungus,FYI Chuko location Bushwick closed months ago .,1538763854.0,/r/AskNYC/comments/9lmkh6/great_ramen_suggestions_please_d/e789ru3/,AskNYC
arsenalfc1987,one 10th ave bigger usually much shorter wait,1538774041.0,/r/AskNYC/comments/9lmkh6/great_ramen_suggestions_please_d/e78m622/,AskNYC
FrostbiteZero,"like Totto well , soup nice rich love hot sauce. noodle like 6 10 me. Not much line second location nice .",1538771122.0,/r/AskNYC/comments/9lmkh6/great_ramen_suggestions_please_d/e78iseu/,AskNYC
lucky_chloe88,go East side location frequently. started not good older locations believe improved par. theory might mother broth cooked constantly reach level flavor took little time .,1538772068.0,/r/AskNYC/comments/9lmkh6/great_ramen_suggestions_please_d/e78jwnk/,AskNYC
donkeypooper,"want white-washed ramen , go Chuko !",1538787210.0,/r/AskNYC/comments/9lmkh6/great_ramen_suggestions_please_d/e78zb6i/,AskNYC
FrostbiteZero,"try every ramen place least first heard Ramen ya , ' stop see .",1538771582.0,/r/AskNYC/comments/9lmkh6/great_ramen_suggestions_please_d/e78jbyb/,AskNYC
kealoha,"go Gotham West location actual shop ? Not saying ' valid concerns , lacking quality place acceptable , Gotham West location usually serves soup cold liking. Never problem actual store LES.",1538775570.0,/r/AskNYC/comments/9lmkh6/great_ramen_suggestions_please_d/e78ntfh/,AskNYC
dounis42,"Oh yes - love Matcha Love ! usually get bubble tea though , not soft serve. actually know people prefer Santouka Totto Ippudo ! Truth told , ' tried Totto , might going weekend .",1538862532.0,/r/AskNYC/comments/9lmkh6/great_ramen_suggestions_please_d/e7ap8ad/,AskNYC
Lost_sidhe,"argument price includes tip , not really bad compared $ 14-16 ramen find city ' include tip. understand Totto lot cheaper , though ( went , cash , ' go ) .",1538771993.0,/r/AskNYC/comments/9lmkh6/great_ramen_suggestions_please_d/e78jte9/,AskNYC
Lost_sidhe,know. original one still open !,1538763950.0,/r/AskNYC/comments/9lmkh6/great_ramen_suggestions_please_d/e789vz9/,AskNYC
osvargas13,F,1538765773.0,/r/AskNYC/comments/9lmkh6/great_ramen_suggestions_please_d/e78c2cm/,AskNYC
chillaschuck,try black sesame soft serve sometime though ! ' pretty great. recent seasonal flavor definitely worth taste .,1538871543.0,/r/AskNYC/comments/9lmkh6/great_ramen_suggestions_please_d/e7ayl1b/,AskNYC
drjimmybrungus,"Yep also outpost North 3rd St market Williamsburg , commenting Bushwick one since ' location specifically mentioned post .",1538764366.0,/r/AskNYC/comments/9lmkh6/great_ramen_suggestions_please_d/e78adur/,AskNYC
Lost_sidhe,"Danke. thought typed Brooklyn , apparently Bushwick came fingers instead. ( favorite ! close enough could get fast delivery chicken ramen whenever sick. )",1538766798.0,/r/AskNYC/comments/9lmkh6/great_ramen_suggestions_please_d/e78dbyp/,AskNYC
vidthai,Ramen Shack,1515877180.0,/r/ramen/comments/7q5wyv/best_ramen_nyc/dsmupx1/,ramen
throwaway_ay_ay_ay99,"’ , might fun watch “Chef ’ Table ” episode Ivan Orkin eat Ivan Ramen .",1515882691.0,/r/ramen/comments/7q5wyv/best_ramen_nyc/dsmzn7d/,ramen
Vendetta425,Ippudo Ramen near hells kitchen really good.,1515875275.0,/r/ramen/comments/7q5wyv/best_ramen_nyc/dsmt2wx/,ramen
fuuums,"ramen , Nakamura favorite. tontoro esentially tonkotsu. dim sum , golden dragon chinatown never disappointed me. tim ho wan good dim sum place modern expensive ( michelen stared restaurant last year. actually known cheapest michelen stared restaurant ) . still inexpensive though.",1515867163.0,/r/ramen/comments/7q5wyv/best_ramen_nyc/dsmlxqm/,ramen
berggg,"made similar post answer got : ( went Nishida Sho Ten , imagine options worth checking ! ) late talking ? Nishida sho-ten open 4 morning go 11 pm , get free kaedama ! Nishida Sho-ten https://www.yelp.com/biz/nishida-sho-ten-new-york-2?utm_source=ashare&amp ; ref=yelp-android want try ramen Masaharu Morimoto , head Momosan Ramen. ' open 11 pm. Momosan Ramen &amp ; Sake https://www.yelp.com/biz/momosan-ramen-and-sake-new-york-2?utm_source=ashare&amp ; ref=yelp-android Totto Ramen open 11 : 30 pm chicken paitan unique delicious. Totto Ramen - Midtown East https://www.yelp.com/biz/totto-ramen-midtown-east-new-york-2?utm_source=ashare&amp ; ref=yelp-android",1515871720.0,/r/ramen/comments/7q5wyv/best_ramen_nyc/dsmpzke/,ramen
Zombee_Brett,"give another opinion places named ; Totally agree EndiMoon Ramen-Ya , favorite broth love chashu. Even though hear lot , not think Ippudo overrated. Good broth great al dente noodles ( usually get classic tonkotsu nitamago egg shigureni ( pulled pork ) . Also pork buns amazing. expensive wait crazy. go , go hungry , leave phone number , find something nearby up-to-three-hour wait happens. Nakamura cool tiny spot great ramen. Love Ajitama eggs. Ivan Ramen cool , unique spot pretty good ramen Jewish spin Japanese food. rye noodles good , like lot small non-ramen plates well. Totto popular , good ramen not personal favorite. spots consider - Ramen Lab tiny , cool place hosts ramen chefs around world weeks time. check website see town. low key good place get quick bowl , like Minca Ramen ( also sister restaurant Kambi , ' tried. ) also like David Chang ' Momofuku Noodle Shop , food ramen. Also plan travel outside Manhattan , Brooklyn Queens shops worth checking out.",1515946271.0,/r/ramen/comments/7q5wyv/best_ramen_nyc/dso2r8h/,ramen
EndiMoon,Ramen Ya remains best ramen ' New York. lot hyped places ( see : Ippudo ) letdown definitely not worth wait price. Ramen Ya ' broth always point best chashu hands down.,1515877952.0,/r/ramen/comments/7q5wyv/best_ramen_nyc/dsmvdk6/,ramen
,"**The best : ** Ramen Shack , Ramen Lab , Tonchin , Yokoya , Mentoku , Shuya Cafe De Ramen , Minca **Avoid : ** Mu , Ivan , Ichiran , Chuko , Momofuku , Totto",1515984846.0,/r/ramen/comments/7q5wyv/best_ramen_nyc/dsp2r6i/,ramen
EatwellCartel,really amazing ramyun event tomorrow NYC ! ` ramyummm.eventbrite.com,1520882178.0,/r/ramen/comments/7q5wyv/best_ramen_nyc/dvl8s5e/,ramen
Schlot,"dim sum , assume meant Gold Unicorn ? think spot try. Everyone recommending it.",1515867764.0,/r/ramen/comments/7q5wyv/best_ramen_nyc/dsmmgt5/,ramen
fuuums,yeah thats definitely meant sorry,1515868133.0,/r/ramen/comments/7q5wyv/best_ramen_nyc/dsmmsd5/,ramen
pgc4512,Golden Unicorn Chinatown cart service Dim Sum &nbsp ; Mr Taka LES Ramen !,1515867143.0,/r/AskNYC/comments/7q60ss/dim_sum_in_nyc_ramen_too/dsmlx3w/,AskNYC
newgirlie,"see someone said Ippudo overrated , personally disagree. Ippudo ' Akamaru Modern dream ' ramen long time .",1515910677.0,/r/AskNYC/comments/7q60ss/dim_sum_in_nyc_ramen_too/dsnm2gh/,AskNYC
IlezAji,"Dim Sum really depends Flushing way , Manhattan - Chinatown ' Dim Sum offerings still good ones Flushing going bit better. ' give recommendations though ; Flushing usually go Asian Jewels Jade , Manhattan personal choice Golden Unicorn ' also merit cult Jing Fong ' got behind it. Honestly unless come really early really late expect wait around hour hour half peak dim sum times , wind waiting less huzzah. Ramen suggestions top 3 : Ippudo classic super-rich tonkatsu broth done extremely well , Ivan Ramen something little experimental , ' decide want something inbetween go Mu Ramen LIC .",1515867574.0,/r/AskNYC/comments/7q60ss/dim_sum_in_nyc_ramen_too/dsmmash/,AskNYC
sleepydog,dim sum like New Mulan Flushing,1515873720.0,/r/AskNYC/comments/7q60ss/dim_sum_in_nyc_ramen_too/dsmrql9/,AskNYC
crymsin,"' Brooklyn , Sunset Park ' Pacificana also good dim sum .",1515891995.0,/r/AskNYC/comments/7q60ss/dim_sum_in_nyc_ramen_too/dsn7wwd/,AskNYC
buzzbuzz1,Totto Ramen Mu Ramen,1515907224.0,/r/AskNYC/comments/7q60ss/dim_sum_in_nyc_ramen_too/dsnk3ah/,AskNYC
,"* Ichiran Bushwick * Menkui-Te near MoMa * Minca LES * Momofuku EV ( people insist overrated , think ' great )",1515895138.0,/r/AskNYC/comments/7q60ss/dim_sum_in_nyc_ramen_too/dsnai6x/,AskNYC
kevinteng,"Generally whole party gets 11 130 pm ' wait , make sure find guy giving seats walk ( sometimes clipboard give numbers instead traditional host )",1515887477.0,/r/AskNYC/comments/7q60ss/dim_sum_in_nyc_ramen_too/dsn3whg/,AskNYC
Kwebster7327,Hop Shing Chinatown full experience .,1515895408.0,/r/AskNYC/comments/7q60ss/dim_sum_in_nyc_ramen_too/dsnaqcc/,AskNYC
rip_tree_stump,"( Manhattan ) first-timer amused sheer size Jing Fong Elizabeth Street. Standard cart offerings , quality food average.",1515899717.0,/r/AskNYC/comments/7q60ss/dim_sum_in_nyc_ramen_too/dsnehfl/,AskNYC
hockeyfun1,' 88 Palace Golden Unicorn ( maybe couple others ' remember ) .,1515903519.0,/r/AskNYC/comments/7q60ss/dim_sum_in_nyc_ramen_too/dsnhhw8/,AskNYC
iftair,"Last weekend went Ajisen Noodle Restaurant ( 14 Mott Street , Chinatown ) ramen first time REALLY tasty .",1515914312.0,/r/AskNYC/comments/7q60ss/dim_sum_in_nyc_ramen_too/dsnntua/,AskNYC
lost_in_life_34,diner Main Street I-495 OK. Lake pavilion something like,1515866732.0,/r/AskNYC/comments/7q60ss/dim_sum_in_nyc_ramen_too/dsmlkfj/,AskNYC
Izvmo13,"' go Ippudo. ' overrated. Go Tonchin 36th , ' soooooo good ! downside ' order kaedama.",1515897186.0,/r/AskNYC/comments/7q60ss/dim_sum_in_nyc_ramen_too/dsnc8ho/,AskNYC
Schlot,Thank ! Everyone telling Gold Unicorn Jin Fong. think two ?,1515867202.0,/r/AskNYC/comments/7q60ss/dim_sum_in_nyc_ramen_too/dsmlyyx/,AskNYC
Schlot,"Thank suggestions ! Ippudo Kuro - Obi right near hotel , definitely try .",1515867868.0,/r/AskNYC/comments/7q60ss/dim_sum_in_nyc_ramen_too/dsmmk2b/,AskNYC
Schlot,Side note : looks like actual Ippudo ' full menus. one would recommend ?,1515868866.0,/r/AskNYC/comments/7q60ss/dim_sum_in_nyc_ramen_too/dsmnfzd/,AskNYC
Schlot,Side note : looks like actual Ippudo ' full menus. one would recommend ?,1515868877.0,/r/AskNYC/comments/7q60ss/dim_sum_in_nyc_ramen_too/dsmngc9/,AskNYC
,Seconding Totto Ramen,1516001312.0,/r/AskNYC/comments/7q60ss/dim_sum_in_nyc_ramen_too/dspd5fp/,AskNYC
Hfy_addict,ichiran worth ? surprised went us pricing.,1515934008.0,/r/AskNYC/comments/7q60ss/dim_sum_in_nyc_ramen_too/dsnvc22/,AskNYC
,"also Ajisen first ramen. blown away first really good first time , ' since better went back , meh. ' good first ramen spot though .",1516001417.0,/r/AskNYC/comments/7q60ss/dim_sum_in_nyc_ramen_too/dspd7a4/,AskNYC
Schlot,Thanks recommendation ! ' looking something great though impress first timer .,1515867132.0,/r/AskNYC/comments/7q60ss/dim_sum_in_nyc_ramen_too/dsmlws9/,AskNYC
NewYawhk,Golden Unicorn Jing Fong great choices. ' happy either. usually go Jing Fong .,1515867608.0,/r/AskNYC/comments/7q60ss/dim_sum_in_nyc_ramen_too/dsmmbuk/,AskNYC
Glorious_Emperor,personally prefer Golden Unicorn Jing Fong close second,1515886564.0,/r/AskNYC/comments/7q60ss/dim_sum_in_nyc_ramen_too/dsn34e8/,AskNYC
raindrop777,prefer Jing Fong Golden Unicorn ( FWIW ) .,1515880305.0,/r/AskNYC/comments/7q60ss/dim_sum_in_nyc_ramen_too/dsmxhc5/,AskNYC
soymilk17,"prefer Golden Unicorn , pretty good .",1515929430.0,/r/AskNYC/comments/7q60ss/dim_sum_in_nyc_ramen_too/dsntlnc/,AskNYC
Flickerdart,"Keep mind carts not day long. Jing Fong , best hours carts 10 - 2 : 30 weekend. Golden Unicorn , think ' similar .",1515951504.0,/r/AskNYC/comments/7q60ss/dim_sum_in_nyc_ramen_too/dso7bh1/,AskNYC
IlezAji,"' actually never Kuro Obi location , see though ' regular tonkatsu broth ( rich , fatty , pork ) think Ippudo particularly well buuut Kuro Obi location actually ' far 5th ave outpost , something like 5-10 minute walk IIRC. course wind snowed point trip could hit Kuro Obi location compare. : P",1515868946.0,/r/AskNYC/comments/7q60ss/dim_sum_in_nyc_ramen_too/dsmnika/,AskNYC
,"expensive , good .",1515967620.0,/r/AskNYC/comments/7q60ss/dim_sum_in_nyc_ramen_too/dson9ru/,AskNYC
lost_in_life_34,’ full Asians Asian friends ok food not,1515868292.0,/r/AskNYC/comments/7q60ss/dim_sum_in_nyc_ramen_too/dsmmxhw/,AskNYC
kawarazu,"Totto Ramen leader moment , Ramen-Ya second-favorite. Shoutout goes Jin Ramen fantastic eggs ( though Ramen-Ya definitely comparable. ) Naruto favorite near-by spot though , since take-out .",1426185812.0,/r/AskNYC/comments/2ysbgd/in_your_opinion_what_is_the_best_ramen_in_nyc/cpct3oz/,AskNYC
yakhauler,"Ippudo. reminds first ramen joint visited Osaka. ' packed , ' welcoming , eat bar. izakaya stuff like pork buns also spot freaking on. worth wait ? Sometimes , especially want feel. Also otafuku close round 2. ' admit hide chan ' broth consistently delicious ... Damn ' hungry.",1426170744.0,/r/AskNYC/comments/2ysbgd/in_your_opinion_what_is_the_best_ramen_in_nyc/cpcjvee/,AskNYC
wingsta,"Currently Mu Ramen long Island City. owner/chef used work Per Se. place great review Pete Wells. Good luck getting seat though. Mu Ramen ' hours limited. Monday Saturday 5 : 30 PM 10 PM only. usually wait unless get opens hour combination limited hours , popularity , tiny size place .",1426167802.0,/r/AskNYC/comments/2ysbgd/in_your_opinion_what_is_the_best_ramen_in_nyc/cpcif6u/,AskNYC
unndunn,Hide-Chan FTW .,1426184459.0,/r/AskNYC/comments/2ysbgd/in_your_opinion_what_is_the_best_ramen_in_nyc/cpcs7qp/,AskNYC
kokoromelody,"Mu Ramen excellent ; ' huge fan Spicy Miso , number excellent starters ( U&I , okonomiyaki , etc. ) well regularly changing ramen option. Takashi ' Midnight Ramen well worth trip , too. One beef-based ramen , tenderest beef belly addicting spicy paste. add foie gras , $ 14 supplement. Otherwise , Ramen Misoya , Totto , Zen 6 good places get , no crazy waits/reservations needed .",1426198865.0,/r/AskNYC/comments/2ysbgd/in_your_opinion_what_is_the_best_ramen_in_nyc/cpd1dj0/,AskNYC
lolbbq,chukko,1426176118.0,/r/AskNYC/comments/2ysbgd/in_your_opinion_what_is_the_best_ramen_in_nyc/cpcmy4a/,AskNYC
SwellandDecay,Hide Chan and/or Totto ' owned guy serve delicious food ' ever life,1426171138.0,/r/AskNYC/comments/2ysbgd/in_your_opinion_what_is_the_best_ramen_in_nyc/cpck2ya/,AskNYC
Kaneshadow,"gotta vote Ippudo. ' Hide-chan Totto , ' great Ippudo experience 100 % following reasons. put whole show. everyone shouts japanese first walk in. staff seem happy it. great variety broths noodles. make noodles rareish. amazing special ramens time time. bar. recommendation , go around 6pm , ' easily worth hour wait stand bar get bottle sake plate shishitos. want best non-traditional ramen , need get seat ramen tasting menu Yuji Brooklyn .",1426172124.0,/r/AskNYC/comments/2ysbgd/in_your_opinion_what_is_the_best_ramen_in_nyc/cpcklxk/,AskNYC
Edman006,Hide chan !,1426216635.0,/r/AskNYC/comments/2ysbgd/in_your_opinion_what_is_the_best_ramen_in_nyc/cpdb9tb/,AskNYC
,' moved Manhattan queens. think pho sucks Manhattan queens ' great. Try pho bac pho bang Jackson heights mekong flushing. ' delicious,1426218383.0,/r/AskNYC/comments/2ysbgd/in_your_opinion_what_is_the_best_ramen_in_nyc/cpdc52v/,AskNYC
irmikexp,Hide-Chan Totto. Sorry Ippudo lovers feel like over-rated .,1426165862.0,/r/AskNYC/comments/2ysbgd/in_your_opinion_what_is_the_best_ramen_in_nyc/cpchl49/,AskNYC
DC25NYC,"Hide-Chan honestly , untraditional Dale Talde ' Breakfast Ramen favorite.",1426166543.0,/r/AskNYC/comments/2ysbgd/in_your_opinion_what_is_the_best_ramen_in_nyc/cpchv2e/,AskNYC
Unoriginal_UserName9,Men-Kui-Tei 56th 5th 6th.,1426170953.0,/r/AskNYC/comments/2ysbgd/in_your_opinion_what_is_the_best_ramen_in_nyc/cpcjzfi/,AskNYC
,Totto .... agree Pho comment. moved Dallas sadly disappointed lack quality Pho .,1426172719.0,/r/AskNYC/comments/2ysbgd/in_your_opinion_what_is_the_best_ramen_in_nyc/cpckxon/,AskNYC
idiot206,Jin Ramen 125th Broadway favorite far. spicy tonkotsu great. Good happy hour prices sake also .,1426184192.0,/r/AskNYC/comments/2ysbgd/in_your_opinion_what_is_the_best_ramen_in_nyc/cpcs1a3/,AskNYC
themassiah,"know hipsters hate saying , Momofuku top-notch ramen. ' also little place Brooklyn called Kinjo really good ramen .",1426171217.0,/r/AskNYC/comments/2ysbgd/in_your_opinion_what_is_the_best_ramen_in_nyc/cpck4gq/,AskNYC
captars,"really like Totto , also Ivan Ramen Slurp Shop .",1426173441.0,/r/AskNYC/comments/2ysbgd/in_your_opinion_what_is_the_best_ramen_in_nyc/cpclchv/,AskNYC
jwalke22,Hide-Chan freaking amazing .... Ippudo completely overrated,1426175129.0,/r/AskNYC/comments/2ysbgd/in_your_opinion_what_is_the_best_ramen_in_nyc/cpcmcj7/,AskNYC
drogean3,"ive gone Totto Ippudo pork ramen. ' even like ramen much. come whopping $ 14 fucking noodle soup. Totto tiny , hot , claustrophobics nightmare. Also Grade Pending sanitation grade. Hide-Chan great appetizers happy hour flavorless broth comes ramen. let down. Sanitation grade pending too. Ippudo great modern look waiters shout japanese even feels authentic. Graded sanitation. Ippudo definintely better",1426182373.0,/r/AskNYC/comments/2ysbgd/in_your_opinion_what_is_the_best_ramen_in_nyc/cpcqud6/,AskNYC
coasts,"' best ramen. , though , array options. like pizza , paella , burgers , ' not one style ramen , ' impossible say best. , Hide Chan rich. Ippudo may straightforward. Momofuku might non-traditional. Jin ' noodles may chewy not chewy enough. ramen offering New York vast enough top players fairly well documented. feel like ' something ' got decide yourself.",1426212843.0,/r/AskNYC/comments/2ysbgd/in_your_opinion_what_is_the_best_ramen_in_nyc/cpd99fx/,AskNYC
Empath1999,"opinion ippudo ' , particularly tonkotsu broth :",1426162297.0,/r/AskNYC/comments/2ysbgd/in_your_opinion_what_is_the_best_ramen_in_nyc/cpcgd4l/,AskNYC
makesureimjewish,comment overwritten open source script protect user&apos ; privacy .,1428354576.0,/r/AskNYC/comments/2ysbgd/in_your_opinion_what_is_the_best_ramen_in_nyc/cq3dh2w/,AskNYC
soybean,http://www.newyorkramen.com/ favorate .,1426171990.0,/r/AskNYC/comments/2ysbgd/in_your_opinion_what_is_the_best_ramen_in_nyc/cpckj8h/,AskNYC
JelliedHam,' stuck Midtown hungry lunch Ise 56th 5th 6th pretty damn good. best ? No. damn good. order nearly every week.,1426177179.0,/r/AskNYC/comments/2ysbgd/in_your_opinion_what_is_the_best_ramen_in_nyc/cpcnl0x/,AskNYC
bustygold,"' places , ' excited try more. vote places like Ippudo ? ' there. Not greatest place ' say ' bad suggestion.",1426180703.0,/r/AskNYC/comments/2ysbgd/in_your_opinion_what_is_the_best_ramen_in_nyc/cpcpsmw/,AskNYC
dogeax,"huge fan Jin ramen. ' little way , live anyway , Jin great. actually prefer Ippudo , purely wait two never approaches hour/2 hour wait time Ippudo has. right 1 relatively easy get .",1426194892.0,/r/AskNYC/comments/2ysbgd/in_your_opinion_what_is_the_best_ramen_in_nyc/cpcyyur/,AskNYC
lieuline,really like Minca e village,1426211071.0,/r/AskNYC/comments/2ysbgd/in_your_opinion_what_is_the_best_ramen_in_nyc/cpd8aew/,AskNYC
NoranaC,favorite place Tabata 9th 40th .,1426195607.0,/r/AskNYC/comments/2ysbgd/in_your_opinion_what_is_the_best_ramen_in_nyc/cpczegf/,AskNYC
thesweetestpunch,"never remember name , best ramen ' far queens little noodle shop across target/red lobster mall rego park. nails .",1426166410.0,/r/AskNYC/comments/2ysbgd/in_your_opinion_what_is_the_best_ramen_in_nyc/cpcht58/,AskNYC
bottegaveneta,"Santouka Edgewater , NJ also really good. Also , tried Pho Vietnam Manhattan Chinatown ? Surprisingly good pho , think .",1426266731.0,/r/AskNYC/comments/2ysbgd/in_your_opinion_what_is_the_best_ramen_in_nyc/cpdts9v/,AskNYC
jesselectric,Ivan good. Totto better. money Momofuku ' Momofuku ramen best. Plus far best pork buns.,1426194647.0,/r/AskNYC/comments/2ysbgd/in_your_opinion_what_is_the_best_ramen_in_nyc/cpcyt9i/,AskNYC
uselessartsdegree,Terakawa 9th Ave FTW !,1426220195.0,/r/AskNYC/comments/2ysbgd/in_your_opinion_what_is_the_best_ramen_in_nyc/cpdczew/,AskNYC
drogean2,Agreed. Went hidechan today comments spicy garlic broth spicy flavorless. also tried totto ramen ' impressed. Since cost exactly ' say ippudo best,1426288239.0,/r/AskNYC/comments/2ysbgd/in_your_opinion_what_is_the_best_ramen_in_nyc/cpe67ft/,AskNYC
irmikexp,"' Mu agree ' not bad , flavor-wise Hide-Chan wins vote. Also , Mu day reservations starting 3PM calling parties 4 less .",1426172560.0,/r/AskNYC/comments/2ysbgd/in_your_opinion_what_is_the_best_ramen_in_nyc/cpckumg/,AskNYC
helpful_grey,"think failed Hide experience : ( ordered super greasy version greedy little porker , tasted fatty , made ill. ' go back loser porker face.",1426214241.0,/r/AskNYC/comments/2ysbgd/in_your_opinion_what_is_the_best_ramen_in_nyc/cpda0v2/,AskNYC
DC25NYC,meaning go bit now.,1426182107.0,/r/AskNYC/comments/2ysbgd/in_your_opinion_what_is_the_best_ramen_in_nyc/cpcqo9i/,AskNYC
,Hide-Chan gem .,1426248068.0,/r/AskNYC/comments/2ysbgd/in_your_opinion_what_is_the_best_ramen_in_nyc/cpdkcdt/,AskNYC
themassiah,"Ippudo good , close second Momofuku. much accommodating , service-wise. also REALLY good izakaya-type food .",1426175158.0,/r/AskNYC/comments/2ysbgd/in_your_opinion_what_is_the_best_ramen_in_nyc/cpcmd5g/,AskNYC
Kaneshadow,not quite fan momofuku ramen ... not makes flavor decisions ' love. not preference. quality food pretty great overall .,1426171796.0,/r/AskNYC/comments/2ysbgd/in_your_opinion_what_is_the_best_ramen_in_nyc/cpckfk5/,AskNYC
wingsta,"think ' matter opinion tastes then. Hide-Chan first 5 years ago started think used much better. use offer rich want broth 3 levels ramen thickness taken away. , prefer popular sister restaurant , Totto Ramen. Not saying Hide-Chan bad. Far it. used better .",1426490508.0,/r/AskNYC/comments/2ysbgd/in_your_opinion_what_is_the_best_ramen_in_nyc/cpgdmx6/,AskNYC
lolbbq,Usually wait bar chukko across street equally stellar bit variety,1426182183.0,/r/AskNYC/comments/2ysbgd/in_your_opinion_what_is_the_best_ramen_in_nyc/cpcqpxx/,AskNYC
themassiah,"Not trying argue , ' genuinely curious : dislike find lacking momofuku ramen ? ' always thought rich , deep , well-executed .",1426175105.0,/r/AskNYC/comments/2ysbgd/in_your_opinion_what_is_the_best_ramen_in_nyc/cpcmbzt/,AskNYC
irmikexp,Agreed matter opinion. never knew levels thickness know still give option broths also firmness noodles .,1426517625.0,/r/AskNYC/comments/2ysbgd/in_your_opinion_what_is_the_best_ramen_in_nyc/cpgl6f4/,AskNYC
DC25NYC,Yeah ' heard that. Similar way Pok Pok it. Obv not ramen idea. get busy send people Whisky Soda Lounge Phat Thai well. really go wings there. ' great.,1426182288.0,/r/AskNYC/comments/2ysbgd/in_your_opinion_what_is_the_best_ramen_in_nyc/cpcqsew/,AskNYC
Kaneshadow,"forget adds give smokey flavor , ' fan. rest food great honest think ' bit overhyped , not fault , ' also way laundromat , get annoyed people blocking sidewalk. acknowledge none things Yelpable offenses contribute never really going .",1426187562.0,/r/AskNYC/comments/2ysbgd/in_your_opinion_what_is_the_best_ramen_in_nyc/cpcu8rg/,AskNYC
seruhndipitee,"Ippudo Totto probably two popular NYC. multiple locations now. Totto specializes paitan ( chicken ) broth , good someone ' eating ' eat pork. two , prefer Ippudo. ramen restaurants like include Minca , Hide-chan ( owned people Totto , place specializes pork broth ) , Momofuku ( really started ramen craze , ' say ' best ) , Ivan ( fairly new , less traditional styles ) , Chuko ( BK ) . Almost neighborhood good ramen places nearby. ' waiting pho catch ...",1420342533.0,/r/FoodNYC/comments/2r97ps/ramen_in_nyc/cndrar0/,FoodNYC
imitationcheese,Jin Ramen .,1420341964.0,/r/FoodNYC/comments/2r97ps/ramen_in_nyc/cndqze4/,FoodNYC
sarahkate89,hinomaru astoria,1420334458.0,/r/FoodNYC/comments/2r97ps/ramen_in_nyc/cndn0ik/,FoodNYC
thejellyjam,"takashi - late night beef ramen ippudo - pork ramen pork buns toto - chicken ramen vegetarian , go udon west soba-ya around st marks not midtown. ' not ramen alot good vegetable noodle options",1420342217.0,/r/FoodNYC/comments/2r97ps/ramen_in_nyc/cndr4b4/,FoodNYC
peter_pounce,favorites Minca Alphabet City Setagaya St Marks,1420361741.0,/r/FoodNYC/comments/2r97ps/ramen_in_nyc/cndz915/,FoodNYC
sarahkate89,ivan ramen LES,1420427637.0,/r/FoodNYC/comments/2r97ps/ramen_in_nyc/cneqtx2/,FoodNYC
Siette,"personal favorite Zen 6 6th 1st 2nd. ' pretty small ( maybe 20 seats , max ) , ' recommend large group people ' cash , ' best ' tried .",1420334965.0,/r/FoodNYC/comments/2r97ps/ramen_in_nyc/cndna2g/,FoodNYC
PooveyFarmsRacer,"Ippudo , Zutto , Naruto excellent",1420379685.0,/r/FoodNYC/comments/2r97ps/ramen_in_nyc/cne305i/,FoodNYC
SirYoureMakingAScene,Ippudo ( westside preferred location ) akamura modern ramen. Add additional pulled pork lifechanging. pork buns favorite food city. also really enjoy Bassanova Ramen Chinatown.,1420382825.0,/r/FoodNYC/comments/2r97ps/ramen_in_nyc/cne3u9o/,FoodNYC
SubSolSubUmbraVirens,Mu Ramen LIC new hype.,1420394745.0,/r/FoodNYC/comments/2r97ps/ramen_in_nyc/cne8wwl/,FoodNYC
finalfrogo,Dassara Carroll Gardens fantastic,1420336783.0,/r/FoodNYC/comments/2r97ps/ramen_in_nyc/cndo8uj/,FoodNYC
RobotPigOverlord,Totto ramen good,1420345915.0,/r/FoodNYC/comments/2r97ps/ramen_in_nyc/cndt46c/,FoodNYC
jgl2832,"might first place ramen city , really like miso-ya St marks 2nd. always get table there. also really like Minca ramen east village , gluten free good gluten free ramen. also Jin ramen , amazing , locations 125/broadway 82/amsterdamn",1421002414.0,/r/FoodNYC/comments/2r97ps/ramen_in_nyc/cnlnppq/,FoodNYC
,Ramen Yebisu Williamsburg authentic gets,1420346495.0,/r/FoodNYC/comments/2r97ps/ramen_in_nyc/cndter5/,FoodNYC
EmilGH,"good suggestions ... Give Yasha Ramen shot : http://yasharamen.com tonkotsu really , really good ...",1420997089.0,/r/FoodNYC/comments/2r97ps/ramen_in_nyc/cnlkqt4/,FoodNYC
drecklia,"think Ippudo Totto way overrated. Totto ' bun excellent , ramen no much. favorite place Menkui Tei St Marks. However currently renovation .",1420998964.0,/r/FoodNYC/comments/2r97ps/ramen_in_nyc/cnllpyr/,FoodNYC
samtresler,"Fidi bit bereft. Ramen Co. Maiden Lane , , OK Korean Ramen church , go occasionally.",1421025836.0,/r/FoodNYC/comments/2r97ps/ramen_in_nyc/cnm1euh/,FoodNYC
zombiekiller,Green Curry Ramen Bassanova Spicy Chili Ramen Ivan ( LES ) Shio Ramen Minca,1421026084.0,/r/FoodNYC/comments/2r97ps/ramen_in_nyc/cnm1jek/,FoodNYC
ohmygondola,"Momofuku ! lil pricey , usually crowded worth it. pork buns also phenomenal",1420337731.0,/r/FoodNYC/comments/2r97ps/ramen_in_nyc/cndoqzy/,FoodNYC
Ye_Olde_Mudder,"Best : [ Ippudo St Marks. Nobody even comes close. ] ( http://www.ippudony.com ) good : * [ Totto people ' eat pork , mega ramen best bang buck city ] ( http://tottoramen.com ) * [ Hinata Ramen : Newly opened. ] ( http://www.hinataramen.com ) * [ Lucky Cat ] ( http://www.luckycatnyc.com ) * [ Nishida Sho-ten ] ( http://nishidasho-ten.com ) ~~Dead gone : [ Menkuitei , St Mark ' Place ] ( http://menkuitei.com/ ) ~~ *Nam Myoho Renge Kyo ... "" Astoria : [ Hinomaru Ramen. One best city way. Take N , Q walk take 69 bus. lots harder-to-find specials like Uni Ramen. ] ( http://hinomaruramen.com/ )",1420421225.0,/r/FoodNYC/comments/2r97ps/ramen_in_nyc/cnencb5/,FoodNYC
dfmtr,"top Ippudo ' ramen better , staff Totto Ramen choice assholes. ' ascribe general fuck-you attitude Japanese snobbery , draw line making people wait longer purpose make line grow door like sleazy nightclub , multiple open tables inside. NYC not smart place assume customers ' understand ' saying .",1421012802.0,/r/FoodNYC/comments/2r97ps/ramen_in_nyc/cnlu2yo/,FoodNYC
thansal,", want start fight. really ' like Ippudo. think ramen par ( really not good ) Hide Chan ( focus tonkotsu ) , ' % 50 expensive ( $ 10 vs $ 15 ) , pork buns par w/ Hide Chan well ( Not Good ) , par price wise Momofuku ' ( Excellent ) . Everything half expensive want pay quality ( not ) , crazy wait ' help. personal favorite Hide Chan , love tonkotsu ramen , Karage dumplings really good. recent discovery Nishida Sho-ten , blocks south Hide Chan , good. prices good $ 10 bowl , often come extras ( Egg , Kakuni , etc ) . Kakuni ( Kakuni instead chashu , bit different ) really excellent. ' also yet run line ( aka , good choice Hide Chan Toto lines door ) . Antoher plus nice range broths ( Pork , Chicken , vegie , combinations ) . downside quality ' reliable. ' pretty big range well kakuni cooked , broth was. ' also not impressed anything ' seen ' ramen. agree momofuku , not worth extra money , stick everything else menu ( really worth extra money ) . Ivan really interesting , one fish based ramen shops NYC know ( sadly , ' like fish ... ) . actually think pretty traditional iirc. sorta odd thing use Rye noodles. Ninja addendum : ' jealous Seattle ' abundance cheap , good Pho. ' almost ubiquitous cheap pizza ( better ! )",1421010891.0,/r/FoodNYC/comments/2r97ps/ramen_in_nyc/cnlsw8c/,FoodNYC
kuj0317,Pho > Ramen. Microphone = dropped .,1420355457.0,/r/FoodNYC/comments/2r97ps/ramen_in_nyc/cndxc5j/,FoodNYC
holla171,"Yep. 125 Broadway right "" 1 "" stop .",1420387537.0,/r/FoodNYC/comments/2r97ps/ramen_in_nyc/cne5g97/,FoodNYC
Ye_Olde_Mudder,"love place. regular menu great , daily/weekly specials something look for. Seems getting packed weekend people discover it. Tried Tamashi Broadway honestly bowlful meh disappointment .",1420461257.0,/r/FoodNYC/comments/2r97ps/ramen_in_nyc/cnf1hjs/,FoodNYC
jackrandomsx,"like Hinomaru , sister Izakaya ( serves ramen well ) Midtown 53rd called Lucky Cat .",1421776389.0,/r/FoodNYC/comments/2r97ps/ramen_in_nyc/cnv3phq/,FoodNYC
fantasy_account,Ramen Misoya ( also st marks ) really good ramen also vegetarian ramen. Highly recommended. http://www.misoyanyc.com/,1420564332.0,/r/FoodNYC/comments/2r97ps/ramen_in_nyc/cngaveg/,FoodNYC
penguinforpresident,+1 Minca ! dipping Ramen fantastic,1421175758.0,/r/FoodNYC/comments/2r97ps/ramen_in_nyc/cnntcwo/,FoodNYC
curiiouscat,Yes ! ordered time summer take out. great totally stumbled across accident.,1420999951.0,/r/FoodNYC/comments/2r97ps/ramen_in_nyc/cnlm9mn/,FoodNYC
nomnomfordays,"came back trip Japan ate ramen least 5 times week say Mu Ramen right. miso ramen legit , though noodles changed since inception ( American palate ' like authentic chewy noodles ) . recognize names Gyogo , ichiran , Fukuoka , Mu Ramen worth checking out. Reservations bitch ' cash ' diligent ' almost always get seating day Oh Ravens solid less authentic though equally dericious",1421040344.0,/r/FoodNYC/comments/2r97ps/ramen_in_nyc/cnm8g9r/,FoodNYC
lieuline,also really like Minca ... probably ippudo.,1421365889.0,/r/FoodNYC/comments/2r97ps/ramen_in_nyc/cnqc5zx/,FoodNYC
JestersXIII,Menkuitei closed.,1420432552.0,/r/FoodNYC/comments/2r97ps/ramen_in_nyc/cnetcqg/,FoodNYC
jgl2832,opened one 82nd amsterdam well !,1421002064.0,/r/FoodNYC/comments/2r97ps/ramen_in_nyc/cnlni6v/,FoodNYC
drjimmybrungus,get Tamashii ? ' thrilled shoyu ramen really love kara miso ramen. ever go back ' recommend try one .,1421542720.0,/r/FoodNYC/comments/2r97ps/ramen_in_nyc/cnsdzs9/,FoodNYC
Siette,"' wonderful ! ' brought people ' Ippudo ' said much , much better. actually found coworker wanted find best ramen LES/East Village area would go every. single. restaurant. found Zen 6 .",1421010651.0,/r/FoodNYC/comments/2r97ps/ramen_in_nyc/cnlsquq/,FoodNYC
Ye_Olde_Mudder,sad ...,1420461034.0,/r/FoodNYC/comments/2r97ps/ramen_in_nyc/cnf1fma/,FoodNYC
kilmore_trout,great news .,1421037670.0,/r/FoodNYC/comments/2r97ps/ramen_in_nyc/cnm78ul/,FoodNYC
curiiouscat,"Yes ! tried bunch different Ramen places around area , eventually gave started serially ordering Zen 6. ' never met anyone ' ever heard lol. ' glad ' not alone.",1421011556.0,/r/FoodNYC/comments/2r97ps/ramen_in_nyc/cnltbrt/,FoodNYC
SchAmToo,Mu Ramen post ! ( LIC ),1454107419.0,/r/FoodNYC/comments/43ahnq/the_best_ramen_places_in_nyc/czgygf6/,FoodNYC
linsage,Awesome. Yes. Good post.,1454103129.0,/r/FoodNYC/comments/43ahnq/the_best_ramen_places_in_nyc/czgvmku/,FoodNYC
PPPIGGY,' scratching head Bassanova here. Among worst ramens ' !,1454162360.0,/r/FoodNYC/comments/43ahnq/the_best_ramen_places_in_nyc/czhj9al/,FoodNYC
thingthangnyc,"' sorry Momofuku Noodle Bar legit. ' eaten ramen world , Japan dozen times ... Momofuku it. Honorable mention : Rai Rai Ken",1454118207.0,/r/FoodNYC/comments/43ahnq/the_best_ramen_places_in_nyc/czh4lfm/,FoodNYC
mrjackson28,Ramen Zundo-ya,1454933447.0,/r/FoodNYC/comments/43ahnq/the_best_ramen_places_in_nyc/czs4azf/,FoodNYC
SuperPoop,ippudo ?,1454128413.0,/r/FoodNYC/comments/43ahnq/the_best_ramen_places_in_nyc/czh9hn0/,FoodNYC
thefranster,glad frigging ippudo ' here.,1454111482.0,/r/FoodNYC/comments/43ahnq/the_best_ramen_places_in_nyc/czh0wya/,FoodNYC
thefranster,mu pretty great- ' say stands ones mentioned here. ' also hard get compared good food is. Overall based entire experience ' 3/5 me.,1454111469.0,/r/FoodNYC/comments/43ahnq/the_best_ramen_places_in_nyc/czh0woq/,FoodNYC
Rufffmuff,completely agree. expect food bloggers venture Brooklyn Manhattan ?,1454112076.0,/r/FoodNYC/comments/43ahnq/the_best_ramen_places_in_nyc/czh19fh/,FoodNYC
GraphicNovelty,Strongly disagree. Bassanovas green curry ramen second favorite dish NYC ( behind Shanghai cafe soup dumplings ),1454610111.0,/r/FoodNYC/comments/43ahnq/the_best_ramen_places_in_nyc/cznt3a5/,FoodNYC
Kenrr,"' huge fan David Chang , especially watching season 1 Mind Chef goes food. However Momofuku Noodle Bar over-rated not good comparison list Ramen places. Last time 2 years ago maybe things change. Rai Rai Ken pretty good. personal favorite Ramen place would Hide-Chan.",1454125399.0,/r/FoodNYC/comments/43ahnq/the_best_ramen_places_in_nyc/czh8468/,FoodNYC
thansal,"' particularly special priced. Check Hide-Chan , think Tonkotsu ( specialists ) better ippudo ( though not much ) reasonably cheaper .",1454155045.0,/r/FoodNYC/comments/43ahnq/the_best_ramen_places_in_nyc/czhh7rt/,FoodNYC
GraphicNovelty,"Great pork buns , ok ramen",1454610126.0,/r/FoodNYC/comments/43ahnq/the_best_ramen_places_in_nyc/cznt3oq/,FoodNYC
thansal,"redditor heart. agree Noodle bar ' ramen , ' not particularly interesting despite good ideas go it. ' good solid ramen , price , want good solid ramen. rest menu fantastic. Child Spicy Noodles one "" could eat every day rest life happy "" dishes. yes , Hide-Chan best Tonkotsu ramen ' , ' favorite type ramen , ranks first .",1454154995.0,/r/FoodNYC/comments/43ahnq/the_best_ramen_places_in_nyc/czhh7d3/,FoodNYC
thingthangnyc,"' Hide Chan ... reading reviews seems like must try. Thanks ! Edit : ' Noodle Bar 3 times , within last 2 years. Maybe ' lucked .",1454174574.0,/r/FoodNYC/comments/43ahnq/the_best_ramen_places_in_nyc/czhp0yd/,FoodNYC
yokuyuki,Personal ranking : 1. Zundo-ya 2. Mu 3. Minca,1517682266.0,/r/AskNYC/comments/7v0vbf/best_ramen_in_the_city_stickied_post_is_5_years/dtonlu8/,AskNYC
boycott_nestingdolls,Jin Ramen solid ROKC great want venture uptown,1517681673.0,/r/AskNYC/comments/7v0vbf/best_ramen_in_the_city_stickied_post_is_5_years/dton2qd/,AskNYC
k_pang,toto ’ ippudo go-tos,1517681015.0,/r/AskNYC/comments/7v0vbf/best_ramen_in_the_city_stickied_post_is_5_years/dtomgxw/,AskNYC
Weizenbock,"like Mu - mainly ' walking distance apartment , definitely pretty highly rated .",1517680804.0,/r/AskNYC/comments/7v0vbf/best_ramen_in_the_city_stickied_post_is_5_years/dtoma7g/,AskNYC
SirLudicrus,"Nishida shoten one favorites. Unfussy , cozy , hits spot taste wise , not expensive , fun staff .",1517695676.0,/r/AskNYC/comments/7v0vbf/best_ramen_in_the_city_stickied_post_is_5_years/dtoywih/,AskNYC
prophetsavant,"Chuko Yebisu favorites Brooklyn. vegan ramen Chuko might strongest think menu , no joke .",1517685542.0,/r/AskNYC/comments/7v0vbf/best_ramen_in_the_city_stickied_post_is_5_years/dtoqg3i/,AskNYC
DC25NYC,"Chuko , ganso hide chan",1517688750.0,/r/AskNYC/comments/7v0vbf/best_ramen_in_the_city_stickied_post_is_5_years/dtot5lm/,AskNYC
psychopooch,"Hide-Chan , Totto , Minca Nakamura favorites. Ivan popular ’ miss me. love Ippudo ’ broth not crazy noodle since prefer ramen bit chew. latter 2 ramen places seems get recommended often.",1517689195.0,/r/AskNYC/comments/7v0vbf/best_ramen_in_the_city_stickied_post_is_5_years/dtotiz2/,AskNYC
Mumbojmbo,"Chuko hands favorite , Momofuku Noodle bomb - though like Momo dishes ( cucumber salad incredible , ' never anything like ) . Edit : Chuko also great groups/birthdays - lots times best ramen places counter service hole-in-the-wall tiny , great not real conducive drinks. ' also found lot ramen places not much far adult beverages go. Chuko great space delish drinks , too. mentioning !",1517683872.0,/r/AskNYC/comments/7v0vbf/best_ramen_in_the_city_stickied_post_is_5_years/dtop0bj/,AskNYC
ruskibaby,"Sapporo time favorite - ' 49th 7th , believe. Ivan ' Ramen also good choice .",1517682015.0,/r/AskNYC/comments/7v0vbf/best_ramen_in_the_city_stickied_post_is_5_years/dtondsx/,AskNYC
Empath1999,favorite ippudo .,1517699730.0,/r/AskNYC/comments/7v0vbf/best_ramen_in_the_city_stickied_post_is_5_years/dtp27bj/,AskNYC
allfurcoatnoknickers,"Mu , closely followed Jun-men Chelsea.",1517699172.0,/r/AskNYC/comments/7v0vbf/best_ramen_in_the_city_stickied_post_is_5_years/dtp1raq/,AskNYC
potatomato33,"Tonkatsu : Zundo-ya 10th 3rd 4th , around corner Ippudo. Miso : Tamashii Ramen Astoria , Broadway 29th 39th St .",1517747576.0,/r/AskNYC/comments/7v0vbf/best_ramen_in_the_city_stickied_post_is_5_years/dtpue1r/,AskNYC
chuckdizzle78,1. Zundo-Ya 2. Zurutto 3. Ippudo,1517695917.0,/r/AskNYC/comments/7v0vbf/best_ramen_in_the_city_stickied_post_is_5_years/dtoz3fp/,AskNYC
welkstar,Kogane Brooklyn Heights,1517711949.0,/r/AskNYC/comments/7v0vbf/best_ramen_in_the_city_stickied_post_is_5_years/dtpbx99/,AskNYC
LustfulGranola,Noodle Folk UES go-to every time. Bless noods.,1517721906.0,/r/AskNYC/comments/7v0vbf/best_ramen_in_the_city_stickied_post_is_5_years/dtpj9mz/,AskNYC
114631,"’ ramen eight different places city favorites Ippudo place UWS called Izakaya Ida. latter one beautifully rich delicious. surprised good was. Eventually ’ like try Mu Ramen , Ivan , Ichiran , Shuya .",1517752345.0,/r/AskNYC/comments/7v0vbf/best_ramen_in_the_city_stickied_post_is_5_years/dtpwl45/,AskNYC
Diplomatt_,Naruto ramen mine.,1517683566.0,/r/AskNYC/comments/7v0vbf/best_ramen_in_the_city_stickied_post_is_5_years/dtooqm4/,AskNYC
prophetsavant,"Chuko Yebisu favorites Brooklyn. vegan ramen Chuko might strongest think menu , no joke .",1517685576.0,/r/AskNYC/comments/7v0vbf/best_ramen_in_the_city_stickied_post_is_5_years/dtoqh4a/,AskNYC
eldubyar,"Not sure ranks city-wide scale , shout Nana Ramen Malcolm X",1517696979.0,/r/AskNYC/comments/7v0vbf/best_ramen_in_the_city_stickied_post_is_5_years/dtozyf7/,AskNYC
xconzo,Definitely check Tonchin. Opened months ago ' best ramen ' anywhere .,1517708945.0,/r/AskNYC/comments/7v0vbf/best_ramen_in_the_city_stickied_post_is_5_years/dtp9ikx/,AskNYC
-star67,"RYUJIN Williamsburg , 513 Grand St. Brooklyn",1517712138.0,/r/AskNYC/comments/7v0vbf/best_ramen_in_the_city_stickied_post_is_5_years/dtpc2xv/,AskNYC
themassiah,Kinjo Brooklyn pretty great .,1517717570.0,/r/AskNYC/comments/7v0vbf/best_ramen_in_the_city_stickied_post_is_5_years/dtpg8td/,AskNYC
Usrname52,someone suggest place specifically good vegetarian ramen ? Not Brooklyn .,1517720786.0,/r/AskNYC/comments/7v0vbf/best_ramen_in_the_city_stickied_post_is_5_years/dtpiij1/,AskNYC
samili,Anyone got reccomensations vegan ramen ?,1517768006.0,/r/AskNYC/comments/7v0vbf/best_ramen_in_the_city_stickied_post_is_5_years/dtq8ns4/,AskNYC
NeedsMoreSauce,many styles taste subjective .,1517688027.0,/r/AskNYC/comments/7v0vbf/best_ramen_in_the_city_stickied_post_is_5_years/dtosk8c/,AskNYC
dcha,+1 Zundo-ya,1517705281.0,/r/AskNYC/comments/7v0vbf/best_ramen_in_the_city_stickied_post_is_5_years/dtp6mfw/,AskNYC
potatomato33,"Zundo-ya absolute best. ' know people wait line Ippudo Zundo-ya right around corner ( first discovered ) . Mu disappointing , ' coming someone whose good friend stake it. try Minca .",1517747376.0,/r/AskNYC/comments/7v0vbf/best_ramen_in_the_city_stickied_post_is_5_years/dtpub8t/,AskNYC
HerbsaintLaurent,Zundo-ya superb. Love let choose fattiness broth. A+++,1517723608.0,/r/AskNYC/comments/7v0vbf/best_ramen_in_the_city_stickied_post_is_5_years/dtpkdrc/,AskNYC
Swimmingindiamonds,soft spot Minca .,1517720434.0,/r/AskNYC/comments/7v0vbf/best_ramen_in_the_city_stickied_post_is_5_years/dtpi9q7/,AskNYC
spoon_sporkforker,also great oysters ROKC ( $ 1.50 happy hour ) cocktails world,1517750975.0,/r/AskNYC/comments/7v0vbf/best_ramen_in_the_city_stickied_post_is_5_years/dtpvvnu/,AskNYC
bustygold,"Mine , ' know new amazing place opened past 5 years. Ippudo probably seems like best choice.",1517681510.0,/r/AskNYC/comments/7v0vbf/best_ramen_in_the_city_stickied_post_is_5_years/dtomxax/,AskNYC
MrDannyOcean,"Piggybacking comment midtown west crowd : newer ramen shop Hell ' Kitchen Mentoku 9th Ave 50th. ' awesome ' also not yet crazy popular places like Totto , ' no waiting line. Try spicy option , ' great .",1517739431.0,/r/AskNYC/comments/7v0vbf/best_ramen_in_the_city_stickied_post_is_5_years/dtprf1g/,AskNYC
mlurve,+1 Mu. Also important note — ’ cash !,1517698483.0,/r/AskNYC/comments/7v0vbf/best_ramen_in_the_city_stickied_post_is_5_years/dtp16ut/,AskNYC
IvoShandor,Sapporo closed .,1517685276.0,/r/AskNYC/comments/7v0vbf/best_ramen_in_the_city_stickied_post_is_5_years/dtoq7tx/,AskNYC
curiiouscat,Sapporo closed recently : (,1517685358.0,/r/AskNYC/comments/7v0vbf/best_ramen_in_the_city_stickied_post_is_5_years/dtoqac7/,AskNYC
bustygold,Ivan Ramen good. triple pork triple garlic ramen amazing.,1517682338.0,/r/AskNYC/comments/7v0vbf/best_ramen_in_the_city_stickied_post_is_5_years/dtono48/,AskNYC
le_suck,sapporo sake bar hagi closed weeks ago due issue building : ( edit : [ link ] ( http://www.grubstreet.com/2018/01/sapporo-sake-bar-hagi-iroha-nyc-closing.html ),1517695195.0,/r/AskNYC/comments/7v0vbf/best_ramen_in_the_city_stickied_post_is_5_years/dtoyih5/,AskNYC
drjimmybrungus,mentioned reply another comment fuck yes Tamashii awesome. kara miso ramen might favorite bowl ramen entire city .,1517847241.0,/r/AskNYC/comments/7v0vbf/best_ramen_in_the_city_stickied_post_is_5_years/dtrw1qj/,AskNYC
Jexy84,"Yeah , ’ nice little spot. pork jowl tonkotsu ramen great .",1517759509.0,/r/AskNYC/comments/7v0vbf/best_ramen_in_the_city_stickied_post_is_5_years/dtq16uy/,AskNYC
PicksYourNose,park slope ? always pass ' tried.,1517685501.0,/r/AskNYC/comments/7v0vbf/best_ramen_in_the_city_stickied_post_is_5_years/dtoqeut/,AskNYC
psychopooch,give Ramen Ishida LES try .,1517747532.0,/r/AskNYC/comments/7v0vbf/best_ramen_in_the_city_stickied_post_is_5_years/dtpudg1/,AskNYC
Lemonyhampeapasta,Ramen Shack,1517844488.0,/r/AskNYC/comments/7v0vbf/best_ramen_in_the_city_stickied_post_is_5_years/dtrtfgl/,AskNYC
xXKilltheBearXx,"third , top two. also shout hood , Astoria upping ramen game recent years .",1517715317.0,/r/AskNYC/comments/7v0vbf/best_ramen_in_the_city_stickied_post_is_5_years/dtpekzb/,AskNYC
ruskibaby,"omg no : ( ( ( makes sad , ’ going years years. time hunt new favorite : (",1517687827.0,/r/AskNYC/comments/7v0vbf/best_ramen_in_the_city_stickied_post_is_5_years/dtose7q/,AskNYC
ruskibaby,"seen episode Chef ' Table ? led ramen shop , story also pretty cool seems like genuinely nice guy !",1517682654.0,/r/AskNYC/comments/7v0vbf/best_ramen_in_the_city_stickied_post_is_5_years/dtony99/,AskNYC
Diplomatt_,go one UES. Possibly related though.,1517689282.0,/r/AskNYC/comments/7v0vbf/best_ramen_in_the_city_stickied_post_is_5_years/dtotlj0/,AskNYC
offlein,"thought park slope one pretty good. actually naruto things ( "" narutomaki "" , guess ? ) ramen , bare minimum requirement mind real shitty places never have. ' got least that. ... ' ringing endorsement. ... say go .",1517722433.0,/r/AskNYC/comments/7v0vbf/best_ramen_in_the_city_stickied_post_is_5_years/dtpjmms/,AskNYC
yokuyuki,best Astoria ?,1517756057.0,/r/AskNYC/comments/7v0vbf/best_ramen_in_the_city_stickied_post_is_5_years/dtpyr6p/,AskNYC
ahyatt,"luck , may reopen. building getting structural upgrades , ' not like ' make business work. https://ny.eater.com/platform/amp/2018/1/9/16868208/sapporo-sake-bar-hagi-iroha-closing-nyc",1517705299.0,/r/AskNYC/comments/7v0vbf/best_ramen_in_the_city_stickied_post_is_5_years/dtp6my8/,AskNYC
IvoShandor,"Hide Chan two good spots midtown , one East 49 ( think ) one West 53 St .",1517709275.0,/r/AskNYC/comments/7v0vbf/best_ramen_in_the_city_stickied_post_is_5_years/dtp9rtz/,AskNYC
bustygold,Honestly friend stumbled whim impressed it. ' check though.,1517687062.0,/r/AskNYC/comments/7v0vbf/best_ramen_in_the_city_stickied_post_is_5_years/dtorr2t/,AskNYC
bustygold,"are. ' , pretty good. ' East Harlem ' one closer places me.",1517724005.0,/r/AskNYC/comments/7v0vbf/best_ramen_in_the_city_stickied_post_is_5_years/dtpkm96/,AskNYC
drjimmybrungus,"Tamashii Ramen Broadway favorite , not Astoria everywhere ' ramen city. kara miso ramen fantastic. Hinomaru Ditmars also good ' heard good things Shuya Broadway ' tried yet .",1517847068.0,/r/AskNYC/comments/7v0vbf/best_ramen_in_the_city_stickied_post_is_5_years/dtrvvkz/,AskNYC
Lemonyhampeapasta,Hinomaru one consistently gone monthly past five years. gone ramen shops LIC/Astoria area least twice. standards whether tonkatsu shio ramen worth ordering go adventurous ramen. Hinomaru one consistently hits spot.,1517772354.0,/r/AskNYC/comments/7v0vbf/best_ramen_in_the_city_stickied_post_is_5_years/dtqd35l/,AskNYC
terminal-chillness,Seconding Tamashii ! tantanmen really dope,1517849872.0,/r/AskNYC/comments/7v0vbf/best_ramen_in_the_city_stickied_post_is_5_years/dtrypbo/,AskNYC
TheMiddleBeast,"used work ramen shop Westchester thats cheaper city spots. Ramen Musashi , basic bowl like $ 10 , recently voted best ramen westchester anyone drive ramen",1507567464.0,/r/nyc/comments/752ze3/best_ramen_noodles_in_new_york_new_york_city/do4l487/,nyc
unironicneoliberal,love Mike ! videos always make drool,1507484095.0,/r/nyc/comments/752ze3/best_ramen_noodles_in_new_york_new_york_city/do308ag/,nyc
BenedictKhanberbatch,went Misoya weekend loved vegetarian spicy kome ramen. Great bowl 12 bucks.,1507569860.0,/r/nyc/comments/752ze3/best_ramen_noodles_in_new_york_new_york_city/do4nh1a/,nyc
kuyakew,Ramen Shack Queensbridge best .,1507562209.0,/r/nyc/comments/752ze3/best_ramen_noodles_in_new_york_new_york_city/do4g8ld/,nyc
,"LOL , WTF Ippudo prices nearly DOUBLE Tokyo &amp; Taiwan. Shit fucking expensive NY ' pathetic. ' one thing makes find hard understand makes NYC attractive tourist destination. ( "" *well , ' NYC ! ! ! AMERICA ! ! ! * "" ) Conversely makes foreign trips much enjoyable things seem cheaper comparing ' otherwise pay NYC.",1507488627.0,/r/nyc/comments/752ze3/best_ramen_noodles_in_new_york_new_york_city/do34ehd/,nyc
lost_in_life_34,place around 10th 24th like. ' $ 16 ' go lot well worth,1507554954.0,/r/nyc/comments/752ze3/best_ramen_noodles_in_new_york_new_york_city/do4alah/,nyc
George_Kushstanza,Temporarily closed.,1507690995.0,/r/nyc/comments/752ze3/best_ramen_noodles_in_new_york_new_york_city/do7a0jy/,nyc
rco8786,telling New York expensive ? Color skeptical ... / seriousness ’ tons good cheap ramen city. Ippudo bills upscale charges upscale prices .,1507526384.0,/r/nyc/comments/752ze3/best_ramen_noodles_in_new_york_new_york_city/do3ypi3/,nyc
jdlyga,Well yeah people live want ramen. ’ gladly visit Japan ’ far away.,1507493142.0,/r/nyc/comments/752ze3/best_ramen_noodles_in_new_york_new_york_city/do38olx/,nyc
T-Bills,"NYC offer authentic cuisine many countries , overpriced not. handful cities continent offers that. ' you. Fuck bland shitty $ 8+ midtown deli sandwiches.",1507515907.0,/r/nyc/comments/752ze3/best_ramen_noodles_in_new_york_new_york_city/do3rlby/,nyc
z0rb0r,much ? Tamashii ramen Astoria typically runs around 12-14 bucks ramen .,1507500577.0,/r/nyc/comments/752ze3/best_ramen_noodles_in_new_york_new_york_city/do3fbav/,nyc
CatOfThePole,"one hand , great $ 8 dollar ramen hand , mediocre pizza $ 5 slice could somehow good , cheap ramen good , cheap pizza one place ... ^( related news miss place near used tolerable ramen $ 6 )",1507517270.0,/r/nyc/comments/752ze3/best_ramen_noodles_in_new_york_new_york_city/do3sna6/,nyc
kuyakew,"' basically open weekdays 4 hours time randomly closed based God-knows-what. New York ' frustrating restaurant. Still , ramen best. Closest ' style ramen love Japan .",1507721547.0,/r/nyc/comments/752ze3/best_ramen_noodles_in_new_york_new_york_city/do7o2x9/,nyc
,> tons good cheap ramen like ? anyway doubt good .,1507583920.0,/r/nyc/comments/752ze3/best_ramen_noodles_in_new_york_new_york_city/do517in/,nyc
RoboticParadox,Brown rice meat cubes eh ? ' 11 smackers .,1507563538.0,/r/nyc/comments/752ze3/best_ramen_noodles_in_new_york_new_york_city/do4hfyb/,nyc
,"Tokyo know : $ 5 ~ $ 9 , basically half NY. Even out-of-way Queens &amp; Jersey City prices rather high .",1507507592.0,/r/nyc/comments/752ze3/best_ramen_noodles_in_new_york_new_york_city/do3ky6r/,nyc
rco8786,$ 5 slice ? ever NYC ?,1507525851.0,/r/nyc/comments/752ze3/best_ramen_noodles_in_new_york_new_york_city/do3yfkk/,nyc
rco8786,"Kambi ( $ 12 ) , Rai Rai Ken ( $ 11-12 ) Thukpa ( $ 10 ) , Minca ( $ 12 ) , Zen 6 ( $ 11 ) , Misoya ( $ 11 ) ' top head , not even leaving lower manhattan gets cheaper. ' obviously made mind though , good one .",1507592486.0,/r/nyc/comments/752ze3/best_ramen_noodles_in_new_york_new_york_city/do58l1q/,nyc
BenedictKhanberbatch,Percy ' Bleecker best dollar slice city ' fight death defend,1507569805.0,/r/nyc/comments/752ze3/best_ramen_noodles_in_new_york_new_york_city/do4nf1n/,nyc
CatOfThePole,"have. ' city great , cheap pizza expensive ramen. ever tokyo ?",1507550441.0,/r/nyc/comments/752ze3/best_ramen_noodles_in_new_york_new_york_city/do482bk/,nyc
rco8786,No ' not saying anything tokyo. $ 5 slice *outrageous* NYC. $ 1-2 every corner .,1507568083.0,/r/nyc/comments/752ze3/best_ramen_noodles_in_new_york_new_york_city/do4lq4p/,nyc
capslockfury,"Hmm , think means ' $ 5 slice Tokyo , inverse true Tokyo. i.e. pay 12-15 dollars Ramen 1-2 Pizza Tokyo pays 8 dollars ramen 5 pizza",1507569795.0,/r/nyc/comments/752ze3/best_ramen_noodles_in_new_york_new_york_city/do4neoh/,nyc
,> $ 1-2 every corner. ghettos Bklyn/Bronx maybe. $ 2.5 ~ $ 3.25 NYC average think .,1507584096.0,/r/nyc/comments/752ze3/best_ramen_noodles_in_new_york_new_york_city/do51dp8/,nyc
rco8786,"Gotcha , makes sense though ' still not getting via context. Oh well .",1507575089.0,/r/nyc/comments/752ze3/best_ramen_noodles_in_new_york_new_york_city/do4slc5/,nyc
,"umm $ 5 tokyo ' get slice ( ' not thing ) , get personal pie .",1507584179.0,/r/nyc/comments/752ze3/best_ramen_noodles_in_new_york_new_york_city/do51gje/,nyc
rco8786,".. ' wrong , unfortunately .",1507591822.0,/r/nyc/comments/752ze3/best_ramen_noodles_in_new_york_new_york_city/do581cc/,nyc
capslockfury,"OP ' replying saying Ramen double price NYC. counterpoint basically saying "" Yeah , Ramen double , cheap pizza , cheap ramen double price pizza . """,1507575914.0,/r/nyc/comments/752ze3/best_ramen_noodles_in_new_york_new_york_city/do4tde6/,nyc
capslockfury,¯\_( ツ ) _/¯ mean okay. ' never pizza Tokyo. ramen. ' trying make sense comment.,1507587310.0,/r/nyc/comments/752ze3/best_ramen_noodles_in_new_york_new_york_city/do5498c/,nyc
CatOfThePole,"yeah ' not saying cheap pizza ' exist ( although cast doubts quality ) ^( cheap nyc ramen exists , ' also not par ) 500Y ( okay maybe like $ 4.5 depending exchange ) pizza slice exist. went kind surreal faux new york pizza restaurant close yet far actual thing really kinda weirded",1507645914.0,/r/nyc/comments/752ze3/best_ramen_noodles_in_new_york_new_york_city/do655vh/,nyc
Hobo_Stabbing_Bridge,dropped : \,1507610310.0,/r/nyc/comments/752ze3/best_ramen_noodles_in_new_york_new_york_city/do5nm33/,nyc
